scene_name,candidate_id,class_name,point_count,core_only_count,core_boundary_count,largest_cc_count,largest_cc_to_point_ratio,largest_cc_covered_by_point_ratio,point_covered_by_largest_cc_ratio,existing_mask_iou,existing_mask_seed_coverage,existing_mask_seed_ratio,conflict_overlap,core_boundary_to_core_only_ratio,largest_cc_keep_ratio,is_large_plane_class,is_small_plane_class,is_soft_thin_plane_class,recommended_action,action_reason
scene0011_00,0,tv,1624,3540,4372,4372,2.6921182266009853,0.3602470265324794,0.9698275862068966,0.4326142885414605,1.0,1.0,0.0,1.2350282485875705,1.0,True,False,False,reject_or_needs_mask3d_support,large_plane_class;largest_cc_to_point=2.69;largest_cc_covered_by_point=0.36;point_covered_by_largest_cc=0.97;mask3d_iou=0.43/coverage=1.00;large_plane_overexpanded_requires_visual_or_mask3d_review
scene0011_00,1,dishwasher,435,351,502,500,1.1494252873563218,0.424,0.48735632183908045,0.2243158366980709,1.0,1.0,0.2045977011494253,1.4301994301994303,0.9960159362549801,False,False,False,manual_review,largest_cc_covered_by_point=0.42;conflict_overlap=0.20;boundary_expands_without_cleanup=1.43;conflict_ge_0_18_requires_review
scene0011_00,2,trash bin,666,732,1055,1055,1.5840840840840842,0.5924170616113744,0.9384384384384384,0.5641711229946524,1.0,1.0,0.05855855855855856,1.4412568306010929,1.0,False,False,False,manual_review,point_covered_by_largest_cc=0.94;mask3d_iou=0.56/coverage=1.00;boundary_expands_without_cleanup=1.44;boundary_expansion_supported_but_large
scene0011_00,3,trash bin,435,951,1187,1187,2.7287356321839082,0.36647009267059816,1.0,0.6014023732470335,0.9393428812131424,0.9393428812131424,0.0,1.2481598317560463,1.0,False,False,False,accept_completion,largest_cc_to_point=2.73;largest_cc_covered_by_point=0.37;point_covered_by_largest_cc=1.00;mask3d_iou=0.60/coverage=0.94;v5_large_nonplane_strong_supported_completion
scene0025_02,0,whiteboard,1362,2460,3232,3232,2.372980910425844,0.4130569306930693,0.9801762114537445,0.8286144578313253,0.8511757425742574,0.8511757425742574,0.0,1.313821138211382,1.0,True,False,False,reject_or_needs_mask3d_support,large_plane_class;largest_cc_to_point=2.37;largest_cc_covered_by_point=0.41;point_covered_by_largest_cc=0.98;mask3d_iou=0.83/coverage=0.85;large_plane_overexpanded_requires_visual_or_mask3d_review
scene0025_02,1,whiteboard,2790,5347,5648,5648,2.024372759856631,0.3043555240793201,0.6161290322580645,0.7385449170635572,0.7962110481586402,0.7962110481586402,0.0,1.0562932485505891,1.0,True,False,False,reject_or_needs_mask3d_support,large_plane_class;largest_cc_to_point=2.02;largest_cc_covered_by_point=0.30;mask3d_iou=0.74/coverage=0.80;large_plane_overexpanded_requires_visual_or_mask3d_review
scene0025_02,2,ottoman,624,485,485,485,0.7772435897435898,0.9195876288659793,0.7147435897435898,0.2558016877637131,1.0,1.0,0.1778846153846154,1.0,1.0,False,False,False,manual_review,conflict_overlap=0.18;low_mask3d_iou_without_strong_geometry
scene0025_02,3,telephone,294,247,358,358,1.217687074829932,0.6089385474860335,0.7414965986394558,0.8229885057471265,1.0,1.0,0.1836734693877551,1.4493927125506072,1.0,False,False,False,manual_review,conflict_overlap=0.18;mask3d_iou=0.82/coverage=1.00;boundary_expands_without_cleanup=1.45;conflict_ge_0_18_requires_review
scene0025_02,4,office chair,739,716,852,852,1.1529093369418133,0.7981220657276995,0.9201623815967523,0.3920846755637368,1.0,1.0,0.02435723951285521,1.1899441340782122,1.0,False,False,False,accept_completion,point_covered_by_largest_cc=0.92;mask3d_iou=0.39/coverage=1.00;small_expansion_low_conflict
scene0025_02,5,monitor,650,781,965,965,1.4846153846153847,0.5647668393782384,0.8384615384615385,0.6150414276609305,1.0,1.0,0.004615384615384616,1.235595390524968,1.0,False,False,False,accept_completion,point_covered_by_largest_cc=0.84;mask3d_iou=0.62/coverage=1.00;small_expansion_low_conflict
scene0025_02,6,storage bin,737,723,1084,1084,1.4708276797829036,0.6485239852398524,0.9538670284938942,0.8023686158401184,1.0,1.0,0.005427408412483039,1.4993084370677732,1.0,False,False,False,accept_completion,point_covered_by_largest_cc=0.95;mask3d_iou=0.80/coverage=1.00;boundary_expands_without_cleanup=1.50;small_expansion_low_conflict
scene0025_02,7,office chair,322,636,836,836,2.5962732919254656,0.38516746411483255,1.0,0.5464052287581699,1.0,1.0,0.0,1.3144654088050314,1.0,False,False,False,manual_review,largest_cc_to_point=2.60;largest_cc_covered_by_point=0.39;point_covered_by_largest_cc=1.00;mask3d_iou=0.55/coverage=1.00;large_expansion_with_mask3d_support
scene0025_02,8,bottle,83,95,121,121,1.4578313253012047,0.5454545454545454,0.7951807228915663,0.0,0.0,0.0,0.012048192771084338,1.2736842105263158,1.0,False,False,False,manual_review,low_mask3d_iou_without_strong_geometry
scene0046_02,0,sink,709,606,756,756,1.0662905500705218,0.7037037037037037,0.7503526093088858,0.5101102941176471,0.7341269841269841,1.0,0.24823695345557123,1.2475247524752475,1.0,False,False,False,manual_review,conflict_overlap=0.25;mask3d_iou=0.51/coverage=0.73;conflict_ge_0_18_requires_review
scene0046_02,1,pillow,790,558,682,682,0.8632911392405064,0.4090909090909091,0.3531645569620253,0.7937411095305832,1.0,1.0,0.6075949367088608,1.2222222222222223,1.0,False,False,False,manual_review,largest_cc_covered_by_point=0.41;conflict_overlap=0.61;mask3d_iou=0.79/coverage=1.00;conflict_ge_0_18_requires_review
scene0046_02,2,toilet,823,867,1062,1048,1.2733900364520048,0.6269083969465649,0.7982989064398542,0.3975232198142415,0.6125954198473282,0.6125954198473282,0.16646415552855406,1.2249134948096885,0.9868173258003766,False,False,False,accept_completion,conflict_overlap=0.17;small_expansion_low_conflict
scene0046_02,3,tv,444,588,802,802,1.8063063063063063,0.4912718204488778,0.8873873873873874,0.6197836166924265,1.0,1.0,0.006756756756756757,1.3639455782312926,1.0,True,False,False,manual_review,large_plane_class;point_covered_by_largest_cc=0.89;mask3d_iou=0.62/coverage=1.00;boundary_expands_without_cleanup=1.36;large_plane_moderate_expansion
scene0046_02,4,backpack,315,450,626,626,1.9873015873015873,0.4680511182108626,0.9301587301587302,0.7569528415961306,1.0,1.0,0.006349206349206349,1.3911111111111112,1.0,False,False,False,manual_review,point_covered_by_largest_cc=0.93;mask3d_iou=0.76/coverage=1.00;boundary_expands_without_cleanup=1.39;boundary_expansion_supported_but_large
scene0046_02,5,paper bag,333,258,372,372,1.117117117117117,0.6236559139784946,0.6966966966966966,0.5644916540212443,1.0,1.0,0.08408408408408409,1.441860465116279,1.0,False,False,False,manual_review,mask3d_iou=0.56/coverage=1.00;boundary_expands_without_cleanup=1.44;low_point_coverage_not_auto_accept
scene0046_02,6,towel,268,466,611,611,2.279850746268657,0.33387888707037644,0.7611940298507462,0.22073699421965318,1.0,1.0,0.10820895522388059,1.3111587982832618,1.0,False,False,False,reject_or_needs_mask3d_support,largest_cc_to_point=2.28;largest_cc_covered_by_point=0.33;large_expansion
scene0046_02,7,door,540,1346,1946,1871,3.464814814814815,0.26456440406199894,0.9166666666666666,0.6548827441372068,1.0,1.0,0.03333333333333333,1.4457652303120356,0.961459403905447,True,False,False,reject_or_needs_mask3d_support,large_plane_class;largest_cc_to_point=3.46;largest_cc_covered_by_point=0.26;point_covered_by_largest_cc=0.92;mask3d_iou=0.65/coverage=1.00;large_plane_overexpanded_requires_visual_or_mask3d_review
scene0046_02,8,towel,541,584,792,792,1.4639556377079483,0.4166666666666667,0.609981515711645,0.2861271676300578,1.0,1.0,0.036968576709796676,1.356164383561644,1.0,False,False,False,manual_review,largest_cc_covered_by_point=0.42;boundary_expands_without_cleanup=1.36;low_point_coverage_not_auto_accept
scene0046_02,9,purse,151,124,124,124,0.8211920529801324,0.5645161290322581,0.46357615894039733,0.18816388467374812,1.0,1.0,0.0,1.0,1.0,False,False,False,manual_review,low_point_coverage_not_auto_accept
scene0077_00,0,printer,588,1034,1522,1522,2.5884353741496597,0.35151116951379763,0.9098639455782312,0.8729179518815546,0.9296977660972404,0.9296977660972404,0.003401360544217687,1.4719535783365572,1.0,False,False,False,accept_completion,largest_cc_to_point=2.59;largest_cc_covered_by_point=0.35;point_covered_by_largest_cc=0.91;mask3d_iou=0.87/coverage=0.93;boundary_expands_without_cleanup=1.47;v5_large_nonplane_strong_supported_completion
scene0077_00,1,printer,978,1431,1470,1468,1.5010224948875255,0.6253405994550408,0.9386503067484663,0.8112094395280236,0.9366485013623979,0.9366485013623979,0.019427402862985686,1.0272536687631026,0.998639455782313,False,False,False,accept_completion,point_covered_by_largest_cc=0.94;mask3d_iou=0.81/coverage=0.94;moderate_expansion_supported
scene0077_00,2,bulletin board,635,0,0,0,0.0,0.0,0.0,0.0,0.0,0.0,0.0,0.0,0.0,True,False,False,reject_or_needs_mask3d_support,missing_reliable_superpoint_core
scene0077_00,3,trash bin,527,483,483,483,0.9165085388994307,0.598343685300207,0.5483870967741935,0.46308724832214765,1.0,1.0,0.0,1.0,1.0,False,False,False,manual_review,mask3d_iou=0.46/coverage=1.00;low_point_coverage_not_auto_accept
scene0084_01,0,toilet,1024,824,824,824,0.8046875,0.7099514563106796,0.5712890625,0.3634759594177327,1.0,1.0,0.4130859375,1.0,1.0,False,False,False,manual_review,conflict_overlap=0.41;mask3d_iou=0.36/coverage=1.00;conflict_ge_0_18_requires_review
scene0084_01,1,trash bin,631,1052,1052,1052,1.6671949286846275,0.529467680608365,0.8827258320126783,0.8250980392156863,1.0,1.0,0.08082408874801902,1.0,1.0,False,False,False,accept_completion,point_covered_by_largest_cc=0.88;mask3d_iou=0.83/coverage=1.00;moderate_expansion_supported
scene0084_01,2,storage bin,361,460,525,525,1.4542936288088644,0.6838095238095238,0.9944598337950139,1.0,1.0,1.0,0.0,1.141304347826087,1.0,False,False,False,accept_completion,point_covered_by_largest_cc=0.99;mask3d_iou=1.00/coverage=1.00;small_expansion_low_conflict
scene0084_01,3,soap dispenser,204,291,291,291,1.4264705882352942,0.6735395189003437,0.9607843137254902,1.0,1.0,1.0,0.0,1.0,1.0,False,False,False,accept_completion,point_covered_by_largest_cc=0.96;mask3d_iou=1.00/coverage=1.00;small_expansion_low_conflict
scene0084_01,4,bench,637,860,1102,1102,1.7299843014128728,0.5716878402903811,0.989010989010989,0.6196395276569298,0.9047186932849365,0.9047186932849365,0.01098901098901099,1.2813953488372094,1.0,False,False,False,accept_completion,point_covered_by_largest_cc=0.99;mask3d_iou=0.62/coverage=0.90;moderate_expansion_supported
scene0084_01,5,tv,354,408,544,544,1.536723163841808,0.4375,0.672316384180791,0.44155844155844154,1.0,1.0,0.307909604519774,1.3333333333333333,1.0,True,False,False,manual_review,large_plane_class;largest_cc_covered_by_point=0.44;conflict_overlap=0.31;mask3d_iou=0.44/coverage=1.00;large_plane_moderate_expansion
scene0084_01,6,bar,171,234,335,335,1.95906432748538,0.46567164179104475,0.9122807017543859,1.0,1.0,1.0,0.0,1.4316239316239316,1.0,False,False,False,manual_review,point_covered_by_largest_cc=0.91;mask3d_iou=1.00/coverage=1.00;boundary_expands_without_cleanup=1.43;boundary_expansion_supported_but_large
scene0084_01,7,container,298,503,671,670,2.248322147651007,0.4059701492537313,0.912751677852349,0.7427937915742794,1.0,1.0,0.07046979865771812,1.333996023856859,0.9985096870342772,False,False,False,accept_completion,largest_cc_to_point=2.25;largest_cc_covered_by_point=0.41;point_covered_by_largest_cc=0.91;mask3d_iou=0.74/coverage=1.00;v5_large_nonplane_strong_supported_completion
scene0088_02,0,office chair,1701,1664,1733,1700,0.9994121105232217,0.6741176470588235,0.673721340388007,0.4723534315087524,1.0,1.0,0.3221634332745444,1.0414663461538463,0.9809578765147143,False,False,False,manual_review,conflict_overlap=0.32;mask3d_iou=0.47/coverage=1.00;conflict_ge_0_18_requires_review
scene0088_02,1,office chair,781,653,699,699,0.8950064020486556,0.6809728183118741,0.6094750320102432,0.24673490998941053,1.0,1.0,0.3905249679897567,1.0704441041347625,1.0,False,False,False,manual_review,conflict_overlap=0.39;conflict_ge_0_18_requires_review
scene0088_02,2,projector screen,2632,3859,4196,4195,1.5938449848024316,0.6145411203814064,0.979483282674772,0.5458685751463891,1.0,1.0,0.019756838905775075,1.0873283233998445,0.9997616777883699,True,False,False,manual_review,large_plane_class;point_covered_by_largest_cc=0.98;mask3d_iou=0.55/coverage=1.00;large_plane_moderate_expansion
scene0088_02,3,office chair,1184,1808,1957,1954,1.650337837837838,0.563971340839304,0.9307432432432432,0.7665751275009808,1.0,1.0,0.008445945945945946,1.0824115044247788,0.9984670413898825,False,False,False,accept_completion,point_covered_by_largest_cc=0.93;mask3d_iou=0.77/coverage=1.00;moderate_expansion_supported
scene0088_02,4,office chair,766,1000,1470,1470,1.919060052219321,0.4639455782312925,0.8903394255874674,0.40844679077521534,1.0,1.0,0.010443864229765013,1.47,1.0,False,False,False,manual_review,point_covered_by_largest_cc=0.89;mask3d_iou=0.41/coverage=1.00;boundary_expands_without_cleanup=1.47;boundary_expansion_supported_but_large
scene0131_00,0,mini fridge,763,1389,1783,1783,2.3368283093053734,0.4127874369040942,0.9646133682830931,0.7682522123893806,0.7790241166573191,0.9601794727986539,0.0,1.2836573074154067,1.0,False,False,False,accept_completion,largest_cc_to_point=2.34;largest_cc_covered_by_point=0.41;point_covered_by_largest_cc=0.96;mask3d_iou=0.77/coverage=0.78;v5_compact_object_strong_supported_completion
scene0131_00,1,keyboard,175,238,276,276,1.5771428571428572,0.6159420289855072,0.9714285714285714,0.5942028985507246,0.5942028985507246,1.0,0.0,1.1596638655462186,1.0,False,False,False,accept_completion,point_covered_by_largest_cc=0.97;mask3d_iou=0.59/coverage=0.59;moderate_expansion_supported
scene0131_00,2,whiteboard,1688,380,455,433,0.2565165876777251,0.6951501154734411,0.1783175355450237,0.6983870967741935,1.0,1.0,0.002962085308056872,1.1973684210526316,0.9516483516483516,True,False,False,manual_review,large_plane_class;mask3d_iou=0.70/coverage=1.00;low_point_coverage_not_auto_accept
scene0131_00,3,cushion,285,346,457,457,1.6035087719298247,0.5886214442013129,0.9438596491228071,0.17802882742500975,1.0,1.0,0.0,1.3208092485549132,1.0,False,False,False,manual_review,point_covered_by_largest_cc=0.94;low_mask3d_iou_without_strong_geometry
scene0146_00,0,toilet,1284,1012,1039,1039,0.809190031152648,0.6669874879692012,0.5397196261682243,0.416766947452868,1.0,1.0,0.44781931464174457,1.0266798418972332,1.0,False,False,False,manual_review,conflict_overlap=0.45;mask3d_iou=0.42/coverage=1.00;conflict_ge_0_18_requires_review
scene0146_00,1,mat,832,0,0,0,0.0,0.0,0.0,0.0,0.0,0.0,0.0,0.0,0.0,True,False,False,reject_or_needs_mask3d_support,missing_reliable_superpoint_core
scene0146_00,2,refrigerator,1946,1926,2389,2378,1.221993833504625,0.6770395290159799,0.8273381294964028,0.6667625071880391,0.9751892346509672,0.9751892346509672,0.08787255909558069,1.2403946002076842,0.9953955629970699,False,False,False,accept_completion,point_covered_by_largest_cc=0.83;mask3d_iou=0.67/coverage=0.98;small_expansion_low_conflict
scene0146_00,3,soap dispenser,156,206,260,260,1.6666666666666667,0.5076923076923077,0.8461538461538461,1.0,1.0,1.0,0.0,1.2621359223300972,1.0,False,False,False,accept_completion,point_covered_by_largest_cc=0.85;mask3d_iou=1.00/coverage=1.00;moderate_expansion_supported
scene0146_00,4,mirror,174,91,91,91,0.5229885057471264,0.4835164835164835,0.25287356321839083,0.11318407960199005,1.0,1.0,0.23563218390804597,1.0,1.0,True,False,False,manual_review,large_plane_class;conflict_overlap=0.24;conflict_ge_0_18_requires_review
scene0146_00,5,storage bin,299,255,378,378,1.2642140468227425,0.7142857142857143,0.903010033444816,0.6342281879194631,1.0,1.0,0.0,1.4823529411764707,1.0,False,False,False,accept_completion,point_covered_by_largest_cc=0.90;mask3d_iou=0.63/coverage=1.00;boundary_expands_without_cleanup=1.48;small_expansion_low_conflict
scene0146_00,6,mat,155,0,0,0,0.0,0.0,0.0,0.0,0.0,0.0,0.0,0.0,0.0,True,False,False,reject_or_needs_mask3d_support,missing_reliable_superpoint_core
scene0146_00,7,toilet paper holder,644,160,220,220,0.3416149068322981,0.9136363636363637,0.31211180124223603,0.6590909090909091,0.7272727272727273,1.0,0.0,1.375,1.0,False,False,False,manual_review,mask3d_iou=0.66/coverage=0.73;boundary_expands_without_cleanup=1.38;low_point_coverage_not_auto_accept
scene0164_01,0,coffee maker,545,546,685,685,1.2568807339449541,0.7051094890510949,0.8862385321100917,1.0,1.0,1.0,0.03486238532110092,1.2545787545787546,1.0,False,False,False,accept_completion,point_covered_by_largest_cc=0.89;mask3d_iou=1.00/coverage=1.00;small_expansion_low_conflict
scene0164_01,1,coffee maker,319,322,439,439,1.3761755485893417,0.6605922551252847,0.9090909090909091,0.812962962962963,1.0,1.0,0.06896551724137931,1.3633540372670807,1.0,False,False,False,accept_completion,point_covered_by_largest_cc=0.91;mask3d_iou=0.81/coverage=1.00;boundary_expands_without_cleanup=1.36;small_expansion_low_conflict
scene0164_01,2,paper towel roll,201,135,135,135,0.6716417910447762,0.8962962962962963,0.6019900497512438,0.5357142857142857,1.0,1.0,0.15920398009950248,1.0,1.0,False,False,False,manual_review,conflict_overlap=0.16;mask3d_iou=0.54/coverage=1.00;low_point_coverage_not_auto_accept
scene0164_01,3,dishwasher,779,672,800,800,1.0269576379974326,0.92,0.944801026957638,0.6974716652136007,1.0,1.0,0.0,1.1904761904761905,1.0,False,False,False,accept_completion,point_covered_by_largest_cc=0.94;mask3d_iou=0.70/coverage=1.00;small_expansion_low_conflict
scene0164_01,4,dish rack,308,398,554,553,1.7954545454545454,0.4936708860759494,0.8863636363636364,0.4136310223266745,0.6365280289330922,1.0,0.00974025974025974,1.3919597989949748,0.9981949458483754,False,False,False,keep_core_only,point_covered_by_largest_cc=0.89;boundary_expands_without_cleanup=1.39;boundary_expansion_not_removed_by_largest_cc
scene0164_01,5,backpack,525,348,348,348,0.6628571428571428,0.7614942528735632,0.5047619047619047,0.2393397524071527,1.0,1.0,0.0,1.0,1.0,False,False,False,manual_review,low_point_coverage_not_auto_accept
scene0164_01,6,ceiling light,370,270,349,335,0.9054054054054054,0.7283582089552239,0.6594594594594595,0.5292259083728278,1.0,1.0,0.0,1.2925925925925925,0.9598853868194842,False,False,False,manual_review,mask3d_iou=0.53/coverage=1.00;low_point_coverage_not_auto_accept
scene0164_01,7,sink,213,470,470,470,2.2065727699530515,0.451063829787234,0.9953051643192489,0.6629055007052186,1.0,1.0,0.0,1.0,1.0,False,False,False,manual_review,largest_cc_to_point=2.21;point_covered_by_largest_cc=1.00;mask3d_iou=0.66/coverage=1.00;large_expansion_with_mask3d_support
scene0164_01,8,picture,124,361,430,427,3.443548387096774,0.26697892271662765,0.9193548387096774,0.9302832244008714,1.0,1.0,0.0,1.1911357340720221,0.9930232558139535,False,True,False,accept_completion,small_plane_class;largest_cc_to_point=3.44;largest_cc_covered_by_point=0.27;point_covered_by_largest_cc=0.92;mask3d_iou=0.93/coverage=1.00;v5_small_plane_strong_mask3d_completion
scene0193_00,0,curtain,2466,5128,5530,5530,2.24249797242498,0.4325497287522604,0.9699918896999189,0.4600665557404326,1.0,1.0,0.0040551500405515,1.078393135725429,1.0,True,False,False,reject_or_needs_mask3d_support,large_plane_class;largest_cc_to_point=2.24;largest_cc_covered_by_point=0.43;point_covered_by_largest_cc=0.97;mask3d_iou=0.46/coverage=1.00;large_plane_overexpanded_requires_visual_or_mask3d_review
scene0193_00,1,mattress,1459,2807,3139,3139,2.151473612063057,0.463204842306467,0.9965729952021933,0.38993788819875774,1.0,1.0,0.0,1.1182757392233702,1.0,True,False,False,manual_review,large_plane_class;largest_cc_to_point=2.15;point_covered_by_largest_cc=1.00;mask3d_iou=0.39/coverage=1.00;large_plane_moderate_expansion
scene0207_00,0,curtain,1692,1424,1759,1756,1.037825059101655,0.6133257403189066,0.6365248226950354,0.6460632818248713,1.0,1.0,0.027777777777777776,1.235252808988764,0.9982944855031268,True,False,False,manual_review,large_plane_class;mask3d_iou=0.65/coverage=1.00;low_point_coverage_not_auto_accept
scene0207_00,1,toilet,1069,1202,1476,1476,1.3807296538821328,0.4451219512195122,0.6145930776426567,0.4924903946908837,0.9552845528455285,0.9552845528455285,0.3246024321796071,1.2279534109816972,1.0,False,False,False,manual_review,largest_cc_covered_by_point=0.45;conflict_overlap=0.32;mask3d_iou=0.49/coverage=0.96;conflict_ge_0_18_requires_review
scene0207_00,2,pillow,506,855,855,855,1.6897233201581028,0.5649122807017544,0.9545454545454546,0.9303590859630033,1.0,1.0,0.003952569169960474,1.0,1.0,False,False,False,accept_completion,point_covered_by_largest_cc=0.95;mask3d_iou=0.93/coverage=1.00;moderate_expansion_supported
scene0207_00,3,blanket,1049,1458,1851,1851,1.7645376549094376,0.5262020529443544,0.9285033365109628,0.3149648838465694,0.6996218260399784,1.0,0.06863679694947569,1.2695473251028806,1.0,False,False,True,manual_review,soft_thin_plane_class;point_covered_by_largest_cc=0.93;v7_soft_thin_moderate_expansion_low_iou_review
scene0207_00,4,paper towel roll,151,53,53,53,0.3509933774834437,0.6981132075471698,0.24503311258278146,0.0,0.0,0.0,0.09933774834437085,1.0,1.0,False,False,False,manual_review,low_point_coverage_not_auto_accept
scene0222_00,0,trash bin,621,429,429,429,0.6908212560386473,0.6083916083916084,0.42028985507246375,0.34793187347931875,1.0,1.0,0.4074074074074074,1.0,1.0,False,False,False,manual_review,conflict_overlap=0.41;conflict_ge_0_18_requires_review
scene0222_00,1,bin,822,740,887,887,1.0790754257907542,0.6110484780157835,0.6593673965936739,0.2582993593476995,1.0,1.0,0.13017031630170317,1.1986486486486487,1.0,False,False,False,manual_review,low_point_coverage_not_auto_accept
scene0222_00,2,pillow,661,511,552,551,0.8335854765506808,0.8584392014519057,0.7155824508320726,0.6288532675709001,1.0,1.0,0.17246596066565809,1.0802348336594911,0.9981884057971014,False,False,False,accept_completion,conflict_overlap=0.17;mask3d_iou=0.63/coverage=1.00;small_expansion_low_conflict
scene0222_00,3,trash bin,640,648,648,648,1.0125,0.7021604938271605,0.7109375,0.4761204996326231,1.0,1.0,0.14375,1.0,1.0,False,False,False,accept_completion,mask3d_iou=0.48/coverage=1.00;small_expansion_low_conflict
scene0222_00,4,backpack,606,418,418,418,0.6897689768976898,0.7488038277511961,0.5165016501650165,0.3480432972522898,1.0,1.0,0.3333333333333333,1.0,1.0,False,False,False,manual_review,conflict_overlap=0.33;conflict_ge_0_18_requires_review
scene0222_00,5,crate,1167,153,189,189,0.16195372750642673,0.5396825396825397,0.08740359897172237,0.08294209702660407,0.8412698412698413,0.8412698412698413,0.3916023993144816,1.2352941176470589,1.0,False,False,False,manual_review,conflict_overlap=0.39;conflict_ge_0_18_requires_review
scene0222_00,6,paper bag,538,198,260,260,0.483271375464684,0.5346153846153846,0.258364312267658,0.09996155324875049,1.0,1.0,0.35315985130111527,1.3131313131313131,1.0,False,False,False,manual_review,conflict_overlap=0.35;conflict_ge_0_18_requires_review
scene0222_00,7,dresser,292,1099,1141,1141,3.9075342465753424,0.23400525854513585,0.9143835616438356,0.44054054054054054,1.0,1.0,0.0,1.0382165605095541,1.0,False,False,False,manual_review,largest_cc_to_point=3.91;largest_cc_covered_by_point=0.23;point_covered_by_largest_cc=0.91;mask3d_iou=0.44/coverage=1.00;large_expansion_with_mask3d_support
scene0222_00,8,towel,342,410,599,599,1.7514619883040936,0.4090150250417362,0.716374269005848,0.1064321250888415,1.0,1.0,0.02046783625730994,1.4609756097560975,1.0,False,False,False,manual_review,largest_cc_covered_by_point=0.41;boundary_expands_without_cleanup=1.46;low_mask3d_iou_without_strong_geometry
scene0222_00,9,dresser,731,991,1346,1264,1.7291381668946648,0.442246835443038,0.7647058823529411,0.39080459770114945,1.0,1.0,0.17920656634746923,1.3582240161453079,0.9390787518573551,False,False,False,manual_review,largest_cc_covered_by_point=0.44;conflict_overlap=0.18;mask3d_iou=0.39/coverage=1.00;ambiguous_coverage
scene0222_00,10,blinds,511,1265,1587,1587,3.1056751467710373,0.3219911783238815,1.0,0.18374435567905523,1.0,1.0,0.0,1.2545454545454546,1.0,True,False,False,reject_or_needs_mask3d_support,large_plane_class;largest_cc_to_point=3.11;largest_cc_covered_by_point=0.32;point_covered_by_largest_cc=1.00;large_plane_overexpanded_without_mask3d_support
scene0222_00,11,headphones,126,74,74,74,0.5873015873015873,0.7297297297297297,0.42857142857142855,0.2032967032967033,1.0,1.0,0.0,1.0,1.0,False,False,False,manual_review,low_point_coverage_not_auto_accept
scene0222_00,12,clothes,637,765,1019,1019,1.5996860282574568,0.5289499509322866,0.8461538461538461,0.525233644859813,0.8272816486751717,0.8272816486751717,0.04866562009419152,1.3320261437908496,1.0,False,False,False,accept_completion,point_covered_by_largest_cc=0.85;mask3d_iou=0.53/coverage=0.83;moderate_expansion_supported
scene0222_00,13,cushion,644,993,1447,1447,2.2468944099378882,0.43192812715964063,0.9704968944099379,0.5403286034353996,1.0,1.0,0.0,1.457200402819738,1.0,False,False,False,manual_review,largest_cc_to_point=2.25;largest_cc_covered_by_point=0.43;point_covered_by_largest_cc=0.97;mask3d_iou=0.54/coverage=1.00;boundary_expands_without_cleanup=1.46;large_expansion_with_mask3d_support
scene0222_00,14,closet door,915,2912,3124,3124,3.414207650273224,0.2887323943661972,0.985792349726776,0.7857142857142857,1.0,1.0,0.0,1.0728021978021978,1.0,True,False,False,reject_or_needs_mask3d_support,large_plane_class;largest_cc_to_point=3.41;largest_cc_covered_by_point=0.29;point_covered_by_largest_cc=0.99;mask3d_iou=0.79/coverage=1.00;large_plane_overexpanded_requires_visual_or_mask3d_review
scene0222_00,15,trash bin,500,268,301,301,0.602,0.7275747508305648,0.438,0.22116091109478325,1.0,1.0,0.006,1.123134328358209,1.0,False,False,False,manual_review,low_point_coverage_not_auto_accept
scene0222_00,16,book,103,129,129,129,1.2524271844660195,0.6434108527131783,0.8058252427184466,0.020440500713040724,1.0,1.0,0.0,1.0,1.0,False,False,False,manual_review,point_covered_by_largest_cc=0.81;low_mask3d_iou_without_strong_geometry
scene0222_00,17,paper bag,780,171,171,171,0.21923076923076923,0.5847953216374269,0.1282051282051282,0.10351089588377724,1.0,1.0,0.41025641025641024,1.0,1.0,False,False,False,manual_review,conflict_overlap=0.41;conflict_ge_0_18_requires_review
scene0222_00,18,cup,89,77,77,77,0.8651685393258427,0.7662337662337663,0.6629213483146067,0.5877862595419847,1.0,1.0,0.0,1.0,1.0,False,False,False,manual_review,mask3d_iou=0.59/coverage=1.00;low_point_coverage_not_auto_accept
scene0222_00,19,curtain,350,457,649,649,1.8542857142857143,0.50231124807396,0.9314285714285714,0.0,0.0,0.0,0.0,1.4201312910284465,1.0,True,False,False,manual_review,large_plane_class;point_covered_by_largest_cc=0.93;boundary_expands_without_cleanup=1.42;large_plane_moderate_expansion
scene0249_00,0,projector screen,311,1457,1457,1457,4.684887459807074,0.213452299245024,1.0,0.41771788990825687,1.0,1.0,0.0,1.0,1.0,True,False,False,reject_or_needs_mask3d_support,large_plane_class;largest_cc_to_point=4.68;largest_cc_covered_by_point=0.21;point_covered_by_largest_cc=1.00;mask3d_iou=0.42/coverage=1.00;large_plane_overexpanded_requires_visual_or_mask3d_review
scene0277_01,0,trash bin,736,312,350,350,0.47554347826086957,0.7,0.3328804347826087,0.26595744680851063,1.0,1.0,0.10054347826086957,1.1217948717948718,1.0,False,False,False,manual_review,low_point_coverage_not_auto_accept
scene0277_01,1,bookshelf,1072,1744,2601,2588,2.4141791044776117,0.40030911901081917,0.9664179104477612,0.5889849795175239,1.0,1.0,0.007462686567164179,1.4913990825688073,0.9950019223375625,False,False,False,accept_completion,largest_cc_to_point=2.41;largest_cc_covered_by_point=0.40;point_covered_by_largest_cc=0.97;mask3d_iou=0.59/coverage=1.00;boundary_expands_without_cleanup=1.49;v5_large_nonplane_strong_supported_completion
scene0307_00,0,sink,1030,552,614,612,0.5941747572815534,0.761437908496732,0.4524271844660194,0.16771488469601678,0.5261437908496732,0.7875816993464052,0.20485436893203884,1.1123188405797102,0.996742671009772,False,False,False,manual_review,conflict_overlap=0.20;conflict_ge_0_18_requires_review
scene0307_00,1,folded chair,737,1168,1465,1465,1.987788331071913,0.47235494880546075,0.9389416553595658,0.4372964169381108,0.7331058020477815,1.0,0.024423337856173677,1.2542808219178083,1.0,False,False,False,accept_completion,point_covered_by_largest_cc=0.94;moderate_expansion_supported
scene0307_00,2,blanket,479,683,1004,1004,2.096033402922756,0.44721115537848605,0.9373695198329853,0.5615212527964206,1.0,1.0,0.012526096033402923,1.4699853587115665,1.0,False,False,True,manual_review,soft_thin_plane_class;largest_cc_to_point=2.10;largest_cc_covered_by_point=0.45;point_covered_by_largest_cc=0.94;mask3d_iou=0.56/coverage=1.00;boundary_expands_without_cleanup=1.47;v6_soft_thin_plane_large_expansion_review
scene0307_00,3,storage bin,352,219,320,320,0.9090909090909091,0.525,0.4772727272727273,0.47976011994003,1.0,1.0,0.045454545454545456,1.461187214611872,1.0,False,False,False,manual_review,mask3d_iou=0.48/coverage=1.00;boundary_expands_without_cleanup=1.46;low_point_coverage_not_auto_accept
scene0307_00,4,mat,496,484,549,549,1.1068548387096775,0.22950819672131148,0.2540322580645161,0.0,0.0,0.0,0.0,1.134297520661157,1.0,True,False,False,manual_review,large_plane_class;largest_cc_covered_by_point=0.23;low_point_coverage_not_auto_accept
scene0329_00,0,coffee table,813,1337,1367,1367,1.6814268142681428,0.5508412582297001,0.9261992619926199,0.6247714808043876,1.0,1.0,0.0024600246002460025,1.0224382946896036,1.0,False,False,False,accept_completion,point_covered_by_largest_cc=0.93;mask3d_iou=0.62/coverage=1.00;moderate_expansion_supported
scene0329_00,1,coffee table,629,1130,1130,1130,1.7965023847376789,0.5238938053097345,0.9411764705882353,0.5164533820840951,1.0,1.0,0.058823529411764705,1.0,1.0,False,False,False,accept_completion,point_covered_by_largest_cc=0.94;mask3d_iou=0.52/coverage=1.00;moderate_expansion_supported
scene0329_00,2,door,1895,2577,3039,3039,1.6036939313984169,0.6235603817045081,1.0,0.936806411837238,1.0,1.0,0.0,1.179278230500582,1.0,True,False,False,manual_review,large_plane_class;point_covered_by_largest_cc=1.00;mask3d_iou=0.94/coverage=1.00;large_plane_moderate_expansion
scene0329_00,3,fire extinguisher,153,101,101,101,0.6601307189542484,0.6435643564356436,0.42483660130718953,0.0,0.0,0.0,0.0,1.0,1.0,False,False,False,manual_review,low_point_coverage_not_auto_accept
scene0338_01,0,trash bin,1108,1355,1355,1355,1.2229241877256318,0.7535055350553506,0.9214801444043321,0.8725048293625242,1.0,1.0,0.0740072202166065,1.0,1.0,False,False,False,accept_completion,point_covered_by_largest_cc=0.92;mask3d_iou=0.87/coverage=1.00;small_expansion_low_conflict
scene0338_01,1,recycling bin,1715,1928,2331,2330,1.358600583090379,0.6836909871244635,0.928862973760933,0.6867079280872385,1.0,1.0,0.060058309037900874,1.20902489626556,0.9995709995709996,False,False,False,accept_completion,point_covered_by_largest_cc=0.93;mask3d_iou=0.69/coverage=1.00;small_expansion_low_conflict
scene0338_01,2,storage bin,480,937,937,937,1.9520833333333334,0.5058697972251868,0.9875,0.14158355998791175,1.0,1.0,0.010416666666666666,1.0,1.0,False,False,False,manual_review,point_covered_by_largest_cc=0.99;low_mask3d_iou_without_strong_geometry
scene0338_01,3,mini fridge,2240,2103,2332,2300,1.0267857142857142,0.8091304347826087,0.8308035714285714,0.36578341013824883,0.5521739130434783,1.0,0.05848214285714286,1.1088920589633857,0.9862778730703259,False,False,False,accept_completion,point_covered_by_largest_cc=0.83;small_expansion_low_conflict
scene0353_00,0,paper cutter,468,692,747,747,1.5961538461538463,0.5247657295850067,0.8376068376068376,0.7854889589905363,1.0,1.0,0.14316239316239315,1.079479768786127,1.0,False,False,False,accept_completion,point_covered_by_largest_cc=0.84;mask3d_iou=0.79/coverage=1.00;moderate_expansion_supported
scene0353_00,1,pillow,1339,528,528,528,0.3943241224794623,0.8446969696969697,0.3330843913368185,0.8727272727272727,1.0,1.0,0.6564600448095593,1.0,1.0,False,False,False,manual_review,conflict_overlap=0.66;mask3d_iou=0.87/coverage=1.00;conflict_ge_0_18_requires_review
scene0353_00,2,towel,1125,1603,1843,1842,1.6373333333333333,0.6107491856677525,1.0,0.8648111332007953,0.9446254071661238,1.0,0.0,1.149719276356831,0.9994574064026045,False,False,False,accept_completion,point_covered_by_largest_cc=1.00;mask3d_iou=0.86/coverage=0.94;moderate_expansion_supported
scene0353_00,3,folded chair,727,1125,1470,1470,2.0220082530949104,0.48095238095238096,0.9724896836313618,0.651595744680851,1.0,1.0,0.02200825309491059,1.3066666666666666,1.0,False,False,False,accept_completion,largest_cc_to_point=2.02;point_covered_by_largest_cc=0.97;mask3d_iou=0.65/coverage=1.00;v5_large_nonplane_strong_supported_completion
scene0353_00,4,book,208,124,124,124,0.5961538461538461,0.7741935483870968,0.46153846153846156,1.0,1.0,1.0,0.33653846153846156,1.0,1.0,False,False,False,manual_review,conflict_overlap=0.34;mask3d_iou=1.00/coverage=1.00;conflict_ge_0_18_requires_review
scene0353_00,5,towel,345,513,584,584,1.6927536231884057,0.583904109589041,0.9884057971014493,0.1906005221932115,1.0,1.0,0.0,1.138401559454191,1.0,False,False,False,manual_review,point_covered_by_largest_cc=0.99;low_mask3d_iou_without_strong_geometry
scene0353_00,6,bag,210,411,411,411,1.957142857142857,0.5085158150851582,0.9952380952380953,0.04971573726865852,1.0,1.0,0.0,1.0,1.0,False,False,False,manual_review,point_covered_by_largest_cc=1.00;low_mask3d_iou_without_strong_geometry
scene0353_00,7,cup,127,127,160,160,1.2598425196850394,0.66875,0.84251968503937,0.7843137254901961,1.0,1.0,0.08661417322834646,1.2598425196850394,1.0,False,False,False,accept_completion,point_covered_by_largest_cc=0.84;mask3d_iou=0.78/coverage=1.00;small_expansion_low_conflict
scene0353_00,8,plate,107,68,68,68,0.6355140186915887,1.0,0.6355140186915887,0.0,0.0,0.0,0.0,1.0,1.0,False,False,False,manual_review,low_point_coverage_not_auto_accept
scene0353_00,9,laptop,149,316,468,468,3.140939597315436,0.28846153846153844,0.9060402684563759,1.0,1.0,1.0,0.0,1.481012658227848,1.0,False,False,True,manual_review,soft_thin_plane_class;largest_cc_to_point=3.14;largest_cc_covered_by_point=0.29;point_covered_by_largest_cc=0.91;mask3d_iou=1.00/coverage=1.00;boundary_expands_without_cleanup=1.48;v6_soft_thin_plane_large_expansion_review
scene0353_00,10,poster,236,270,377,377,1.597457627118644,0.6074270557029178,0.9703389830508474,0.125,0.13262599469496023,0.13262599469496023,0.0,1.3962962962962964,1.0,True,False,False,manual_review,large_plane_class;point_covered_by_largest_cc=0.97;boundary_expands_without_cleanup=1.40;large_plane_moderate_expansion
scene0353_00,11,poster,197,0,0,0,0.0,0.0,0.0,0.0,0.0,0.0,0.0,0.0,0.0,True,False,False,reject_or_needs_mask3d_support,missing_reliable_superpoint_core
scene0356_01,0,telephone,146,161,219,219,1.5,0.2968036529680365,0.4452054794520548,0.8521400778210116,1.0,1.0,0.0,1.360248447204969,1.0,False,False,False,manual_review,largest_cc_covered_by_point=0.30;mask3d_iou=0.85/coverage=1.00;boundary_expands_without_cleanup=1.36;low_point_coverage_not_auto_accept
scene0356_01,1,door,555,0,0,0,0.0,0.0,0.0,0.0,0.0,0.0,0.0,0.0,0.0,True,False,False,reject_or_needs_mask3d_support,missing_reliable_superpoint_core
scene0356_01,2,chair,165,186,186,186,1.1272727272727272,0.34408602150537637,0.3878787878787879,0.12635869565217392,1.0,1.0,0.0,1.0,1.0,False,False,False,manual_review,largest_cc_covered_by_point=0.34;low_point_coverage_not_auto_accept
scene0378_00,0,printer,625,1039,1225,1225,1.96,0.46122448979591835,0.904,0.9308510638297872,1.0,1.0,0.056,1.1790182868142445,1.0,False,False,False,accept_completion,point_covered_by_largest_cc=0.90;mask3d_iou=0.93/coverage=1.00;moderate_expansion_supported
scene0378_00,1,paper bag,203,84,84,84,0.41379310344827586,0.9285714285714286,0.3842364532019704,0.2828282828282828,1.0,1.0,0.0,1.0,1.0,False,False,False,manual_review,low_point_coverage_not_auto_accept
scene0378_00,2,case of water bottles,188,215,307,307,1.6329787234042554,0.6058631921824105,0.9893617021276596,1.0,1.0,1.0,0.0,1.427906976744186,1.0,False,False,False,manual_review,point_covered_by_largest_cc=0.99;mask3d_iou=1.00/coverage=1.00;boundary_expands_without_cleanup=1.43;boundary_expansion_supported_but_large
scene0378_00,3,chair,848,767,1016,1016,1.1981132075471699,0.5600393700787402,0.6709905660377359,0.3401236813386686,0.9202755905511811,1.0,0.07311320754716981,1.3246414602346805,1.0,False,False,False,manual_review,low_point_coverage_not_auto_accept
scene0378_00,4,backpack,396,173,173,173,0.43686868686868685,0.7745664739884393,0.3383838383838384,0.26615384615384613,1.0,1.0,0.0,1.0,1.0,False,False,False,manual_review,low_point_coverage_not_auto_accept
scene0378_00,5,paper,83,0,0,0,0.0,0.0,0.0,0.0,0.0,0.0,0.0,0.0,0.0,False,False,False,reject_or_needs_mask3d_support,missing_reliable_superpoint_core
scene0378_00,6,cup,120,93,93,93,0.775,0.7849462365591398,0.6083333333333333,0.0,0.0,0.0,0.0,1.0,1.0,False,False,False,manual_review,low_point_coverage_not_auto_accept
scene0378_00,7,storage bin,259,245,349,349,1.3474903474903475,0.5444126074498568,0.7335907335907336,0.6595238095238095,0.7936962750716332,1.0,0.13127413127413126,1.4244897959183673,1.0,False,False,False,accept_completion,mask3d_iou=0.66/coverage=0.79;boundary_expands_without_cleanup=1.42;small_expansion_low_conflict
scene0378_00,8,bulletin board,207,9229,9280,9280,44.830917874396135,0.02122844827586207,0.9516908212560387,0.004954342335340975,0.0054956896551724135,0.0054956896551724135,0.0,1.0055260591613393,1.0,True,False,False,reject_or_needs_mask3d_support,large_plane_class;largest_cc_to_point=44.83;largest_cc_covered_by_point=0.02;point_covered_by_largest_cc=0.95;large_plane_overexpanded_without_mask3d_support
scene0378_00,9,bulletin board,602,1167,1712,1711,2.8421926910299002,0.342489772063121,0.973421926910299,0.024732373569582872,0.03915838690824079,0.03915838690824079,0.0,1.4670094258783204,0.9994158878504673,True,False,False,reject_or_needs_mask3d_support,large_plane_class;largest_cc_to_point=2.84;largest_cc_covered_by_point=0.34;point_covered_by_largest_cc=0.97;boundary_expands_without_cleanup=1.47;large_plane_overexpanded_without_mask3d_support
scene0378_00,10,calendar,354,0,0,0,0.0,0.0,0.0,0.0,0.0,0.0,0.0,0.0,0.0,True,False,False,reject_or_needs_mask3d_support,missing_reliable_superpoint_core
scene0406_00,0,sink,537,592,788,788,1.4674115456238361,0.6104060913705583,0.8957169459962756,0.739906103286385,1.0,1.0,0.0,1.3310810810810811,1.0,False,False,False,accept_completion,point_covered_by_largest_cc=0.90;mask3d_iou=0.74/coverage=1.00;small_expansion_low_conflict
scene0406_00,1,trash bin,395,429,429,429,1.0860759493670886,0.585081585081585,0.6354430379746835,0.6820349761526232,1.0,1.0,0.33164556962025316,1.0,1.0,False,False,False,manual_review,conflict_overlap=0.33;mask3d_iou=0.68/coverage=1.00;conflict_ge_0_18_requires_review
scene0406_00,2,bathtub,1077,300,360,359,0.3333333333333333,0.8105849582172702,0.27019498607242337,0.09726361419669466,1.0,1.0,0.479108635097493,1.2,0.9972222222222222,False,False,False,manual_review,conflict_overlap=0.48;conflict_ge_0_18_requires_review
scene0406_00,3,towel,226,242,242,242,1.0707964601769913,0.8264462809917356,0.8849557522123894,0.8491228070175438,1.0,1.0,0.06637168141592921,1.0,1.0,False,False,False,accept_completion,point_covered_by_largest_cc=0.88;mask3d_iou=0.85/coverage=1.00;small_expansion_low_conflict
scene0406_00,4,picture,486,529,583,583,1.199588477366255,0.8078902229845626,0.9691358024691358,0.9109375,1.0,1.0,0.0,1.1020793950850662,1.0,False,True,False,accept_completion,small_plane_class;point_covered_by_largest_cc=0.97;mask3d_iou=0.91/coverage=1.00;small_expansion_low_conflict
scene0406_00,5,tissue box,90,184,184,184,2.0444444444444443,0.44021739130434784,0.9,0.6739130434782609,0.6739130434782609,1.0,0.0,1.0,1.0,False,False,False,accept_completion,largest_cc_to_point=2.04;largest_cc_covered_by_point=0.44;point_covered_by_largest_cc=0.90;mask3d_iou=0.67/coverage=0.67;v5_large_nonplane_strong_supported_completion
scene0406_00,6,tray,96,0,0,0,0.0,0.0,0.0,0.0,0.0,0.0,0.0,0.0,0.0,False,False,False,reject_or_needs_mask3d_support,missing_reliable_superpoint_core
scene0423_01,0,armchair,1892,1518,1557,1557,0.822938689217759,0.8008991650610148,0.6590909090909091,0.4167558886509636,1.0,1.0,0.3070824524312896,1.0256916996047432,1.0,False,False,False,manual_review,conflict_overlap=0.31;mask3d_iou=0.42/coverage=1.00;conflict_ge_0_18_requires_review
scene0423_01,1,armchair,2108,2127,2572,2572,1.22011385199241,0.6329704510108864,0.7722960151802657,0.6925148088314486,1.0,1.0,0.20445920303605314,1.2092148566055476,1.0,False,False,False,manual_review,conflict_overlap=0.20;mask3d_iou=0.69/coverage=1.00;conflict_ge_0_18_requires_review
scene0423_01,2,armchair,1180,1771,1866,1866,1.5813559322033899,0.6136120042872455,0.9703389830508474,0.4994646680942184,1.0,1.0,0.011864406779661017,1.0536420101637494,1.0,False,False,False,accept_completion,point_covered_by_largest_cc=0.97;mask3d_iou=0.50/coverage=1.00;moderate_expansion_supported
scene0423_01,3,armchair,1713,1773,2521,2521,1.4716870986573263,0.6664022213407378,0.9807355516637478,0.6985314491548905,1.0,1.0,0.015178050204319907,1.421883812746757,1.0,False,False,False,accept_completion,point_covered_by_largest_cc=0.98;mask3d_iou=0.70/coverage=1.00;boundary_expands_without_cleanup=1.42;small_expansion_low_conflict
scene0430_00,0,projector screen,1741,2507,3110,3107,1.784606547960942,0.37850016092693917,0.675473865594486,0.26639801080339537,1.0,1.0,0.30557151062607696,1.2405265257279616,0.9990353697749196,True,False,False,manual_review,large_plane_class;largest_cc_covered_by_point=0.38;conflict_overlap=0.31;large_plane_moderate_expansion
scene0430_00,1,backpack,582,1062,1235,1235,2.1219931271477663,0.43238866396761133,0.9175257731958762,0.626053143227479,0.7821862348178138,1.0,0.058419243986254296,1.1629001883239172,1.0,False,False,False,accept_completion,largest_cc_to_point=2.12;largest_cc_covered_by_point=0.43;point_covered_by_largest_cc=0.92;mask3d_iou=0.63/coverage=0.78;v5_large_nonplane_strong_supported_completion
scene0435_02,0,nightstand,1762,2121,2558,2558,1.4517593643586832,0.5805316653635653,0.8427922814982974,0.4709998158718468,1.0,1.0,0.1492622020431328,1.206034889203206,1.0,False,False,False,accept_completion,point_covered_by_largest_cc=0.84;mask3d_iou=0.47/coverage=1.00;small_expansion_low_conflict
scene0435_02,1,armchair,1621,2066,2819,2819,1.7390499691548427,0.5622561191912026,0.9777914867365823,0.6112315698178664,1.0,1.0,0.00431832202344232,1.3644724104549855,1.0,False,False,False,manual_review,point_covered_by_largest_cc=0.98;mask3d_iou=0.61/coverage=1.00;boundary_expands_without_cleanup=1.36;boundary_expansion_supported_but_large
scene0435_02,2,dresser,1235,1544,1669,1667,1.3497975708502024,0.713257348530294,0.962753036437247,0.48318840579710143,1.0,1.0,0.025910931174089068,1.080958549222798,0.9988016776512882,False,False,False,accept_completion,point_covered_by_largest_cc=0.96;mask3d_iou=0.48/coverage=1.00;small_expansion_low_conflict
scene0435_02,3,trash bin,151,161,191,191,1.2649006622516556,0.6596858638743456,0.8344370860927153,0.1861598440545809,1.0,1.0,0.013245033112582781,1.186335403726708,1.0,False,False,False,manual_review,point_covered_by_largest_cc=0.83;low_mask3d_iou_without_strong_geometry
scene0435_02,4,suitcase,555,842,956,955,1.7207207207207207,0.5225130890052356,0.8990990990990991,0.6706460674157303,1.0,1.0,0.09009009009009009,1.1353919239904988,0.9989539748953975,False,False,False,accept_completion,point_covered_by_largest_cc=0.90;mask3d_iou=0.67/coverage=1.00;moderate_expansion_supported
scene0435_02,5,backpack,211,519,721,721,3.4170616113744074,0.2871012482662968,0.981042654028436,0.8076009501187649,0.9431345353675451,0.9431345353675451,0.0,1.3892100192678227,1.0,False,False,False,accept_completion,largest_cc_to_point=3.42;largest_cc_covered_by_point=0.29;point_covered_by_largest_cc=0.98;mask3d_iou=0.81/coverage=0.94;boundary_expands_without_cleanup=1.39;v5_large_nonplane_strong_supported_completion
scene0435_02,6,luggage,796,1286,1286,1286,1.6155778894472361,0.6026438569206843,0.9736180904522613,0.8602006688963211,1.0,1.0,0.0,1.0,1.0,False,False,False,accept_completion,point_covered_by_largest_cc=0.97;mask3d_iou=0.86/coverage=1.00;moderate_expansion_supported
scene0474_00,0,telephone,209,277,324,324,1.5502392344497609,0.5308641975308642,0.8229665071770335,1.0,1.0,1.0,0.0,1.1696750902527075,1.0,False,False,False,accept_completion,point_covered_by_largest_cc=0.82;mask3d_iou=1.00/coverage=1.00;moderate_expansion_supported
scene0474_00,1,computer tower,224,470,564,564,2.517857142857143,0.38652482269503546,0.9732142857142857,0.7006211180124223,1.0,1.0,0.0,1.2,1.0,False,False,False,accept_completion,largest_cc_to_point=2.52;largest_cc_covered_by_point=0.39;point_covered_by_largest_cc=0.97;mask3d_iou=0.70/coverage=1.00;v5_large_nonplane_strong_supported_completion
scene0474_00,2,pillow,593,630,930,930,1.5682967959527825,0.5225806451612903,0.8195615514333895,0.6774193548387096,0.6774193548387096,1.0,0.14839797639123103,1.4761904761904763,1.0,False,False,False,keep_core_only,point_covered_by_largest_cc=0.82;mask3d_iou=0.68/coverage=0.68;boundary_expands_without_cleanup=1.48;boundary_expansion_not_removed_by_largest_cc
scene0474_00,3,hair dryer,85,0,0,0,0.0,0.0,0.0,0.0,0.0,0.0,0.0,0.0,0.0,False,False,False,reject_or_needs_mask3d_support,missing_reliable_superpoint_core
scene0474_00,4,laptop,85,0,0,0,0.0,0.0,0.0,0.0,0.0,0.0,0.0,0.0,0.0,False,False,True,reject_or_needs_mask3d_support,missing_reliable_superpoint_core
scene0474_00,5,box,316,214,296,295,0.9335443037974683,0.7050847457627119,0.6582278481012658,0.022094068304373878,1.0,1.0,0.006329113924050633,1.3831775700934579,0.9966216216216216,False,False,False,manual_review,boundary_expands_without_cleanup=1.38;low_point_coverage_not_auto_accept
scene0488_00,0,refrigerator,2712,3447,4008,4008,1.4778761061946903,0.6434630738522954,0.9509587020648967,0.7835777126099707,1.0,1.0,0.04904129793510324,1.162750217580505,1.0,False,False,False,accept_completion,point_covered_by_largest_cc=0.95;mask3d_iou=0.78/coverage=1.00;small_expansion_low_conflict
scene0488_00,1,microwave,807,886,1089,1089,1.3494423791821561,0.7162534435261708,0.966542750929368,0.8677290836653386,1.0,1.0,0.0,1.2291196388261851,1.0,False,False,False,accept_completion,point_covered_by_largest_cc=0.97;mask3d_iou=0.87/coverage=1.00;small_expansion_low_conflict
scene0518_00,0,couch,1478,2710,3197,3195,2.1617050067659,0.40093896713615024,0.8667117726657646,0.2356020942408377,1.0,1.0,0.12719891745602166,1.1797047970479704,0.9993744135126681,False,False,False,reject_or_needs_mask3d_support,largest_cc_to_point=2.16;largest_cc_covered_by_point=0.40;point_covered_by_largest_cc=0.87;large_expansion
scene0518_00,1,storage organizer,691,1342,1828,1822,2.6367583212735166,0.36882546652030734,0.9725036179450073,0.6656,0.6849615806805708,0.8523600439077936,0.023154848046309694,1.3621460506706409,0.9967177242888403,False,False,False,accept_completion,largest_cc_to_point=2.64;largest_cc_covered_by_point=0.37;point_covered_by_largest_cc=0.97;mask3d_iou=0.67/coverage=0.68;boundary_expands_without_cleanup=1.36;v5_large_nonplane_strong_supported_completion
scene0518_00,2,office chair,758,1283,1432,1429,1.8852242744063326,0.48565430370888735,0.9155672823218998,0.6175453759723423,1.0,1.0,0.08179419525065963,1.1161340607950117,0.9979050279329609,False,False,False,accept_completion,point_covered_by_largest_cc=0.92;mask3d_iou=0.62/coverage=1.00;moderate_expansion_supported
scene0518_00,3,book,114,0,0,0,0.0,0.0,0.0,0.0,0.0,0.0,0.0,0.0,0.0,False,False,False,reject_or_needs_mask3d_support,missing_reliable_superpoint_core
scene0518_00,4,backpack,86,104,104,104,1.2093023255813953,0.18269230769230768,0.22093023255813954,0.03776325344952796,1.0,1.0,0.0,1.0,1.0,False,False,False,manual_review,largest_cc_covered_by_point=0.18;low_point_coverage_not_auto_accept
scene0518_00,5,mat,300,5861,5995,5995,19.983333333333334,0.046371976647206006,0.9266666666666666,0.006793118659020732,0.012844036697247707,0.012844036697247707,0.0,1.022862992663368,1.0,True,False,False,reject_or_needs_mask3d_support,large_plane_class;largest_cc_to_point=19.98;largest_cc_covered_by_point=0.05;point_covered_by_largest_cc=0.93;large_plane_overexpanded_without_mask3d_support
scene0552_01,0,bucket,473,410,484,484,1.0232558139534884,0.71900826446281,0.7357293868921776,0.44711014176663033,0.8471074380165289,1.0,0.2452431289640592,1.1804878048780487,1.0,False,False,False,manual_review,conflict_overlap=0.25;conflict_ge_0_18_requires_review
scene0552_01,1,microwave,466,669,785,777,1.667381974248927,0.5495495495495496,0.9163090128755365,0.9898089171974522,1.0,1.0,0.0,1.1733931240657698,0.9898089171974522,False,False,False,accept_completion,point_covered_by_largest_cc=0.92;mask3d_iou=0.99/coverage=1.00;moderate_expansion_supported
scene0568_02,0,bag,1037,1403,1430,1430,1.3789778206364514,0.7153846153846154,0.9864995178399228,0.9678321678321679,0.9678321678321679,0.9678321678321679,0.011571841851494697,1.0192444761225945,1.0,False,False,False,accept_completion,point_covered_by_largest_cc=0.99;mask3d_iou=0.97/coverage=0.97;small_expansion_low_conflict
scene0568_02,1,office chair,998,1132,1527,1527,1.5300601202404809,0.5965946299934513,0.9128256513026052,0.5631453534551231,0.9286182056319581,0.9286182056319581,0.041082164328657314,1.348939929328622,1.0,False,False,False,accept_completion,point_covered_by_largest_cc=0.91;mask3d_iou=0.56/coverage=0.93;moderate_expansion_supported
scene0568_02,2,radiator,625,509,666,666,1.0656,0.6021021021021021,0.6416,0.43844634628044765,1.0,1.0,0.0,1.3084479371316307,1.0,False,False,False,manual_review,mask3d_iou=0.44/coverage=1.00;low_point_coverage_not_auto_accept
scene0568_02,3,blanket,472,523,523,523,1.1080508474576272,0.48565965583174,0.538135593220339,0.4394957983193277,1.0,1.0,0.0,1.0,1.0,False,False,True,manual_review,soft_thin_plane_class;mask3d_iou=0.44/coverage=1.00;low_point_coverage_not_auto_accept
scene0568_02,4,guitar,301,490,608,608,2.0199335548172757,0.4868421052631579,0.9833887043189369,0.48355263157894735,0.48355263157894735,0.618421052631579,0.0,1.2408163265306122,1.0,False,False,False,reject_or_needs_mask3d_support,largest_cc_to_point=2.02;point_covered_by_largest_cc=0.98;large_expansion
scene0578_00,0,monitor,480,269,387,387,0.80625,0.6459948320413437,0.5208333333333334,0.29496951219512196,1.0,1.0,0.44583333333333336,1.4386617100371748,1.0,False,False,False,manual_review,conflict_overlap=0.45;boundary_expands_without_cleanup=1.44;conflict_ge_0_18_requires_review
scene0578_00,1,door,3703,1385,1789,1789,0.48312179314069675,0.5790944661822247,0.27977315689981097,0.4360224226175969,1.0,1.0,0.08965703483661895,1.291696750902527,1.0,True,False,False,manual_review,large_plane_class;mask3d_iou=0.44/coverage=1.00;low_point_coverage_not_auto_accept
scene0578_00,2,whiteboard,3440,3025,3167,3167,0.920639534883721,0.7290811493526997,0.6712209302325581,0.8994603805737007,1.0,1.0,0.0,1.0469421487603305,1.0,True,False,False,manual_review,large_plane_class;mask3d_iou=0.90/coverage=1.00;low_point_coverage_not_auto_accept
scene0578_00,3,table,852,2197,2635,2634,3.091549295774648,0.3128321943811693,0.9671361502347418,0.36598582742809505,1.0,1.0,0.0,1.1993627674101046,0.9996204933586338,False,False,False,manual_review,largest_cc_to_point=3.09;largest_cc_covered_by_point=0.31;point_covered_by_largest_cc=0.97;mask3d_iou=0.37/coverage=1.00;large_expansion_with_mask3d_support
scene0578_00,4,keyboard,82,0,0,0,0.0,0.0,0.0,0.0,0.0,0.0,0.0,0.0,0.0,False,False,False,reject_or_needs_mask3d_support,missing_reliable_superpoint_core
scene0578_00,5,backpack,222,369,515,515,2.31981981981982,0.37475728155339805,0.8693693693693694,0.3673469387755102,0.8388349514563107,1.0,0.05405405405405406,1.3956639566395663,1.0,False,False,False,reject_or_needs_mask3d_support,largest_cc_to_point=2.32;largest_cc_covered_by_point=0.37;point_covered_by_largest_cc=0.87;boundary_expands_without_cleanup=1.40;large_expansion
scene0578_00,6,backpack,245,466,680,680,2.7755102040816326,0.32941176470588235,0.9142857142857143,0.2574468085106383,0.5338235294117647,1.0,0.00816326530612245,1.4592274678111588,1.0,False,False,False,reject_or_needs_mask3d_support,largest_cc_to_point=2.78;largest_cc_covered_by_point=0.33;point_covered_by_largest_cc=0.91;boundary_expands_without_cleanup=1.46;large_expansion
scene0583_01,0,seat,606,514,541,541,0.8927392739273927,0.6524953789279113,0.5825082508250825,0.26493633692458374,1.0,1.0,0.3118811881188119,1.0525291828793775,1.0,False,False,False,manual_review,conflict_overlap=0.31;conflict_ge_0_18_requires_review
scene0583_01,1,poster,608,642,719,719,1.1825657894736843,0.8108484005563282,0.9588815789473685,0.838973162193699,1.0,1.0,0.024671052631578948,1.1199376947040498,1.0,True,False,False,accept_completion,large_plane_class;point_covered_by_largest_cc=0.96;mask3d_iou=0.84/coverage=1.00;small_expansion_low_conflict
scene0583_01,2,projector screen,1046,236,354,354,0.3384321223709369,0.7627118644067796,0.25812619502868067,0.1,1.0,1.0,0.0,1.5,1.0,True,False,False,manual_review,large_plane_class;boundary_expands_without_cleanup=1.50;low_point_coverage_not_auto_accept
scene0595_00,0,bag,180,309,358,358,1.988888888888889,0.4860335195530726,0.9666666666666667,1.0,1.0,1.0,0.0,1.1585760517799353,1.0,False,False,False,accept_completion,point_covered_by_largest_cc=0.97;mask3d_iou=1.00/coverage=1.00;moderate_expansion_supported
scene0599_02,0,trash bin,1021,1096,1096,1096,1.0734573947110675,0.7518248175182481,0.8070519098922625,0.6765432098765433,1.0,1.0,0.1929480901077375,1.0,1.0,False,False,False,manual_review,point_covered_by_largest_cc=0.81;conflict_overlap=0.19;mask3d_iou=0.68/coverage=1.00;conflict_ge_0_18_requires_review
scene0599_02,1,paper towel dispenser,276,390,558,558,2.0217391304347827,0.3906810035842294,0.7898550724637681,0.6905940594059405,1.0,1.0,0.10869565217391304,1.4307692307692308,1.0,False,False,False,reject_or_needs_mask3d_support,largest_cc_to_point=2.02;largest_cc_covered_by_point=0.39;mask3d_iou=0.69/coverage=1.00;boundary_expands_without_cleanup=1.43;large_expansion
scene0599_02,2,window,1084,2566,3131,3131,2.8883763837638377,0.3280102203768764,0.9474169741697417,0.4696969696969697,1.0,1.0,0.004612546125461255,1.220187061574435,1.0,False,False,False,manual_review,largest_cc_to_point=2.89;largest_cc_covered_by_point=0.33;point_covered_by_largest_cc=0.95;mask3d_iou=0.47/coverage=1.00;large_expansion_with_mask3d_support
scene0599_02,3,mat,95,0,0,0,0.0,0.0,0.0,0.0,0.0,0.0,0.0,0.0,0.0,True,False,False,reject_or_needs_mask3d_support,missing_reliable_superpoint_core
scene0608_01,0,blanket,1262,1834,1834,1831,1.4508716323296356,0.6695794647733478,0.971473851030111,0.8888349514563106,1.0,1.0,0.028526148969889066,1.0,0.9983642311886587,False,False,True,accept_completion,soft_thin_plane_class;point_covered_by_largest_cc=0.97;mask3d_iou=0.89/coverage=1.00;small_expansion_low_conflict
scene0608_01,1,guitar,745,72,72,72,0.09664429530201342,0.125,0.012080536912751677,0.047872340425531915,1.0,1.0,0.9208053691275168,1.0,1.0,False,False,False,manual_review,largest_cc_covered_by_point=0.12;conflict_overlap=0.92;conflict_ge_0_18_requires_review
scene0608_01,2,picture,1330,1433,1621,1621,1.218796992481203,0.8136952498457742,0.9917293233082707,1.0,1.0,1.0,0.0,1.1311933007676205,1.0,False,True,False,accept_completion,small_plane_class;point_covered_by_largest_cc=0.99;mask3d_iou=1.00/coverage=1.00;small_expansion_low_conflict
scene0608_01,3,ottoman,226,223,262,262,1.1592920353982301,0.5916030534351145,0.6858407079646017,0.26147704590818366,1.0,1.0,0.0,1.1748878923766817,1.0,False,False,False,manual_review,low_point_coverage_not_auto_accept
scene0608_01,4,ottoman,150,169,169,169,1.1266666666666667,0.3609467455621302,0.4066666666666667,0.18349619978284473,1.0,1.0,0.0,1.0,1.0,False,False,False,manual_review,largest_cc_covered_by_point=0.36;low_point_coverage_not_auto_accept
scene0608_01,5,armchair,1105,2341,2451,2451,2.2180995475113123,0.42064463484292125,0.9330316742081448,0.20450087746464335,0.8082415340677275,1.0,0.037104072398190045,1.0469884664673217,1.0,False,False,False,reject_or_needs_mask3d_support,largest_cc_to_point=2.22;largest_cc_covered_by_point=0.42;point_covered_by_largest_cc=0.93;large_expansion
scene0608_01,6,poster,265,1110,1507,1507,5.686792452830189,0.17584605175846052,1.0,0.17423979650826685,1.0,1.0,0.0,1.3576576576576576,1.0,True,False,False,reject_or_needs_mask3d_support,large_plane_class;largest_cc_to_point=5.69;largest_cc_covered_by_point=0.18;point_covered_by_largest_cc=1.00;boundary_expands_without_cleanup=1.36;large_plane_overexpanded_without_mask3d_support
scene0608_01,7,cd case,102,135,135,135,1.3235294117647058,0.6222222222222222,0.8235294117647058,0.019233509046872772,1.0,1.0,0.0,1.0,1.0,False,False,False,manual_review,point_covered_by_largest_cc=0.82;low_mask3d_iou_without_strong_geometry
scene0608_01,8,bulletin board,1752,94,94,93,0.053082191780821915,0.967741935483871,0.05136986301369863,0.0,0.0,0.0,0.0,1.0,0.9893617021276596,True,False,False,manual_review,large_plane_class;low_point_coverage_not_auto_accept
scene0608_01,9,door,823,1274,1834,1834,2.2284325637910083,0.430752453653217,0.959902794653706,0.0,0.0,0.0,0.004860267314702308,1.4395604395604396,1.0,True,False,False,reject_or_needs_mask3d_support,large_plane_class;largest_cc_to_point=2.23;largest_cc_covered_by_point=0.43;point_covered_by_largest_cc=0.96;boundary_expands_without_cleanup=1.44;large_plane_overexpanded_without_mask3d_support
scene0616_01,0,armchair,1036,807,807,807,0.778957528957529,0.6716232961586122,0.5231660231660231,0.16114217252396165,1.0,1.0,0.16023166023166024,1.0,1.0,False,False,False,manual_review,conflict_overlap=0.16;low_point_coverage_not_auto_accept
scene0616_01,1,armchair,2157,3023,3932,3930,1.8219749652294854,0.5348600508905852,0.9745016226240149,0.6312238997751365,1.0,1.0,0.02132591562355123,1.300694674164737,0.9994913530010173,False,False,False,accept_completion,point_covered_by_largest_cc=0.97;mask3d_iou=0.63/coverage=1.00;moderate_expansion_supported
scene0616_01,2,trash bin,470,655,779,778,1.6553191489361703,0.47429305912596403,0.7851063829787234,0.4953405017921147,0.8881748071979434,1.0,0.20851063829787234,1.1893129770992366,0.9987163029525032,False,False,False,manual_review,conflict_overlap=0.21;conflict_ge_0_18_requires_review
scene0616_01,3,radiator,1030,1799,2522,2522,2.4485436893203882,0.3687549563838224,0.9029126213592233,0.17722788831299113,0.8406026962727994,1.0,0.02912621359223301,1.4018899388549193,1.0,False,False,False,reject_or_needs_mask3d_support,largest_cc_to_point=2.45;largest_cc_covered_by_point=0.37;point_covered_by_largest_cc=0.90;boundary_expands_without_cleanup=1.40;large_expansion
scene0616_01,4,trash bin,403,478,691,690,1.7121588089330024,0.41304347826086957,0.707196029776675,0.5754795663052544,1.0,1.0,0.228287841191067,1.4456066945606694,0.9985528219971056,False,False,False,manual_review,largest_cc_covered_by_point=0.41;conflict_overlap=0.23;mask3d_iou=0.58/coverage=1.00;boundary_expands_without_cleanup=1.45;conflict_ge_0_18_requires_review
scene0616_01,5,poster,557,80,80,80,0.1436265709156194,0.4125,0.059245960502693,0.3755868544600939,1.0,1.0,0.0,1.0,1.0,True,False,False,manual_review,large_plane_class;largest_cc_covered_by_point=0.41;mask3d_iou=0.38/coverage=1.00;low_point_coverage_not_auto_accept
scene0616_01,6,bulletin board,458,1100,1100,1100,2.4017467248908297,0.40545454545454546,0.9737991266375546,0.0,0.0,0.0,0.021834061135371178,1.0,1.0,True,False,False,reject_or_needs_mask3d_support,large_plane_class;largest_cc_to_point=2.40;largest_cc_covered_by_point=0.41;point_covered_by_largest_cc=0.97;large_plane_overexpanded_without_mask3d_support
scene0633_00,0,curtain,1430,1502,1758,1758,1.2293706293706295,0.7042093287827076,0.8657342657342657,0.14053881205532018,1.0,1.0,0.11048951048951049,1.170439414114514,1.0,True,False,False,manual_review,large_plane_class;point_covered_by_largest_cc=0.87;low_mask3d_iou_without_strong_geometry
scene0633_00,1,cushion,866,960,1313,1313,1.5161662817551964,0.34044173648134046,0.5161662817551963,0.49124143183549124,0.5087585681645087,1.0,0.45265588914549654,1.3677083333333333,1.0,False,False,False,manual_review,largest_cc_covered_by_point=0.34;conflict_overlap=0.45;boundary_expands_without_cleanup=1.37;conflict_ge_0_18_requires_review
scene0633_00,2,desk,851,1084,1508,1508,1.772032902467685,0.41114058355437666,0.7285546415981199,0.6332315743567379,0.9628647214854111,1.0,0.07403055229142186,1.3911439114391144,1.0,False,False,False,keep_core_only,largest_cc_covered_by_point=0.41;mask3d_iou=0.63/coverage=0.96;boundary_expands_without_cleanup=1.39;boundary_expansion_not_removed_by_largest_cc
scene0633_00,3,wardrobe,533,1794,1865,1865,3.49906191369606,0.2225201072386059,0.7786116322701688,0.29397856242118536,1.0,1.0,0.0900562851782364,1.0395763656633221,1.0,False,False,False,reject_or_needs_mask3d_support,largest_cc_to_point=3.50;largest_cc_covered_by_point=0.22;large_expansion
scene0633_00,4,picture,341,757,858,858,2.5161290322580645,0.3916083916083916,0.9853372434017595,0.8265895953757225,1.0,1.0,0.0,1.1334214002642007,1.0,False,True,False,manual_review,small_plane_class;largest_cc_to_point=2.52;largest_cc_covered_by_point=0.39;point_covered_by_largest_cc=0.99;mask3d_iou=0.83/coverage=1.00;small_plane_large_expansion
scene0633_00,5,mat,384,3218,3218,3218,8.380208333333334,0.11932877563704164,1.0,0.0,0.0,0.0,0.0,1.0,1.0,True,False,False,reject_or_needs_mask3d_support,large_plane_class;largest_cc_to_point=8.38;largest_cc_covered_by_point=0.12;point_covered_by_largest_cc=1.00;large_plane_overexpanded_without_mask3d_support
scene0647_00,0,poster,655,1240,1536,1534,2.3419847328244274,0.39765319426336376,0.9312977099236641,0.5287831782144088,1.0,1.0,0.05343511450381679,1.238709677419355,0.9986979166666666,True,False,False,reject_or_needs_mask3d_support,large_plane_class;largest_cc_to_point=2.34;largest_cc_covered_by_point=0.40;point_covered_by_largest_cc=0.93;mask3d_iou=0.53/coverage=1.00;large_plane_overexpanded_requires_visual_or_mask3d_review
scene0647_00,1,tv,1741,3348,4131,4131,2.372774267662263,0.42096344710723793,0.9988512349224583,0.9401456531634046,1.0,1.0,0.0011487650775416428,1.2338709677419355,1.0,True,False,False,reject_or_needs_mask3d_support,large_plane_class;largest_cc_to_point=2.37;largest_cc_covered_by_point=0.42;point_covered_by_largest_cc=1.00;mask3d_iou=0.94/coverage=1.00;large_plane_overexpanded_requires_visual_or_mask3d_review
scene0647_00,2,poster,496,900,1248,1248,2.5161290322580645,0.38782051282051283,0.9758064516129032,0.6896103896103896,0.8509615384615384,0.8509615384615384,0.0,1.3866666666666667,1.0,True,False,False,reject_or_needs_mask3d_support,large_plane_class;largest_cc_to_point=2.52;largest_cc_covered_by_point=0.39;point_covered_by_largest_cc=0.98;mask3d_iou=0.69/coverage=0.85;boundary_expands_without_cleanup=1.39;large_plane_overexpanded_requires_visual_or_mask3d_review
scene0647_00,3,backpack,473,554,777,777,1.642706131078224,0.5945945945945946,0.9767441860465116,0.8890160183066361,1.0,1.0,0.0,1.4025270758122743,1.0,False,False,False,manual_review,point_covered_by_largest_cc=0.98;mask3d_iou=0.89/coverage=1.00;boundary_expands_without_cleanup=1.40;boundary_expansion_supported_but_large
scene0647_00,4,poster,1022,47,47,47,0.04598825831702544,0.3404255319148936,0.015655577299412915,0.0,0.0,0.0,0.0019569471624266144,1.0,1.0,True,False,False,manual_review,large_plane_class;largest_cc_covered_by_point=0.34;low_point_coverage_not_auto_accept
scene0647_00,5,chair,442,616,913,913,2.065610859728507,0.484118291347207,1.0,0.40923352756611386,1.0,1.0,0.0,1.4821428571428572,1.0,False,False,False,manual_review,largest_cc_to_point=2.07;point_covered_by_largest_cc=1.00;mask3d_iou=0.41/coverage=1.00;boundary_expands_without_cleanup=1.48;large_expansion_with_mask3d_support
scene0651_02,0,refrigerator,858,1902,2353,2353,2.742424242424242,0.36379090522736934,0.9976689976689976,0.5096382932640242,1.0,1.0,0.0,1.237118822292324,1.0,False,False,False,manual_review,largest_cc_to_point=2.74;largest_cc_covered_by_point=0.36;point_covered_by_largest_cc=1.00;mask3d_iou=0.51/coverage=1.00;large_expansion_with_mask3d_support
scene0651_02,1,trash bin,367,332,403,403,1.098092643051771,0.10173697270471464,0.11171662125340599,0.31908155186064924,1.0,1.0,0.02997275204359673,1.213855421686747,1.0,False,False,False,manual_review,largest_cc_covered_by_point=0.10;low_point_coverage_not_auto_accept
