scene_name,node_id,observation_id,frame_index,class_name,score,sam_score,mask_area,parent_count,child_count,conflict_count,tree_role,candidate_superpoint_count,core_superpoint_count,boundary_superpoint_count,conflict_superpoint_count,clip_feature_status,superpoint_evidence_status
scene0011_00,observation00000,0,10,oven,0.5418515801429749,0.9831240773200989,80731,0,0,0,leaf_or_singleton,0,0,0,0,missing_in_source_trace,missing_superpoint_evidence
scene0011_00,observation00001,1,20,refrigerator,0.76792311668396,0.9805943965911865,300922,0,0,0,leaf_or_singleton,0,0,0,0,missing_in_source_trace,missing_superpoint_evidence
scene0011_00,observation00002,2,20,window,0.4994995892047882,0.9884349703788757,72785,0,0,0,leaf_or_singleton,0,0,0,0,missing_in_source_trace,missing_superpoint_evidence
scene0011_00,observation00003,3,25,counter,0.5865438580513,0.9638363718986511,68090,0,0,0,leaf_or_singleton,0,0,0,0,missing_in_source_trace,missing_superpoint_evidence
scene0011_00,observation00004,4,25,window,0.5245140790939331,0.976578414440155,296153,0,0,0,leaf_or_singleton,0,0,0,0,missing_in_source_trace,missing_superpoint_evidence
scene0011_00,observation00005,5,25,sink,0.47427499294281006,0.9761645197868347,12640,0,0,0,leaf_or_singleton,0,0,0,0,missing_in_source_trace,missing_superpoint_evidence
scene0011_00,observation00006,6,30,window,0.4914039969444275,0.995128870010376,230648,0,0,0,leaf_or_singleton,0,0,0,0,missing_in_source_trace,missing_superpoint_evidence
scene0011_00,observation00007,7,30,counter,0.47998660802841187,0.9868805408477783,61378,0,0,0,leaf_or_singleton,0,0,0,0,missing_in_source_trace,missing_superpoint_evidence
scene0011_00,observation00008,8,35,counter,0.46531960368156433,0.961966872215271,46538,0,0,0,leaf_or_singleton,0,0,0,0,missing_in_source_trace,missing_superpoint_evidence
scene0011_00,observation00009,9,35,window,0.4568105638027191,0.9653875827789307,178169,0,0,0,leaf_or_singleton,0,0,0,0,missing_in_source_trace,missing_superpoint_evidence
scene0011_00,observation00010,10,40,oven,0.6576361656188965,0.9812896251678467,320333,0,0,0,leaf_or_singleton,0,0,0,0,missing_in_source_trace,missing_superpoint_evidence
scene0011_00,observation00011,11,40,window,0.4812997579574585,0.9747743606567383,51510,0,0,0,leaf_or_singleton,0,0,0,0,missing_in_source_trace,missing_superpoint_evidence
scene0011_00,observation00012,12,45,window,0.656717836856842,0.9871242046356201,95502,0,0,0,leaf_or_singleton,0,0,0,0,missing_in_source_trace,missing_superpoint_evidence
scene0011_00,observation00013,13,45,counter,0.5595405697822571,0.9774471521377563,70552,0,0,0,leaf_or_singleton,0,0,0,0,missing_in_source_trace,missing_superpoint_evidence
scene0011_00,observation00014,14,45,microwave,0.5285208225250244,0.9754282832145691,22645,0,0,0,leaf_or_singleton,0,0,0,0,missing_in_source_trace,missing_superpoint_evidence
scene0011_00,observation00015,15,50,microwave,0.7153212428092957,0.9692898392677307,32655,0,0,0,leaf_or_singleton,0,0,0,0,missing_in_source_trace,missing_superpoint_evidence
scene0011_00,observation00016,16,50,sink,0.5063978433609009,0.9426680207252502,21625,0,0,0,leaf_or_singleton,0,0,0,0,missing_in_source_trace,missing_superpoint_evidence
scene0011_00,observation00017,17,55,microwave,0.6262577176094055,0.9776351451873779,23978,0,0,0,leaf_or_singleton,0,0,0,0,missing_in_source_trace,missing_superpoint_evidence
scene0011_00,observation00018,18,60,microwave,0.7672212719917297,0.9719338417053223,26021,0,0,0,leaf_or_singleton,0,0,0,0,missing_in_source_trace,missing_superpoint_evidence
scene0011_00,observation00019,19,65,refrigerator,0.6487551927566528,0.9443537592887878,62133,0,0,0,leaf_or_singleton,0,0,0,0,missing_in_source_trace,missing_superpoint_evidence
scene0011_00,observation00020,20,65,window,0.5027368068695068,0.9806236624717712,77935,0,0,0,leaf_or_singleton,0,0,0,0,missing_in_source_trace,missing_superpoint_evidence
scene0011_00,observation00021,21,70,microwave,0.7538062930107117,0.981774628162384,23943,0,0,0,leaf_or_singleton,0,0,0,0,missing_in_source_trace,missing_superpoint_evidence
scene0011_00,observation00022,22,70,counter,0.7158821821212769,0.941619873046875,112911,0,0,0,leaf_or_singleton,0,0,0,0,missing_in_source_trace,missing_superpoint_evidence
scene0011_00,observation00023,23,70,window,0.5751733183860779,0.9603056907653809,100016,0,0,0,leaf_or_singleton,0,0,0,0,missing_in_source_trace,missing_superpoint_evidence
scene0011_00,observation00024,24,75,closet door,0.5071511268615723,0.9879248142242432,162610,0,0,0,leaf_or_singleton,0,0,0,0,missing_in_source_trace,missing_superpoint_evidence
scene0011_00,observation00025,25,85,dishwasher,0.4625526964664459,0.933495044708252,29881,0,0,0,leaf_or_singleton,0,0,0,0,missing_in_source_trace,missing_superpoint_evidence
scene0011_00,observation00026,26,90,microwave,0.7943737506866455,0.970771074295044,61336,0,0,0,leaf_or_singleton,0,0,0,0,missing_in_source_trace,missing_superpoint_evidence
scene0011_00,observation00027,27,90,dishwasher,0.5814462900161743,0.9436399936676025,37263,0,0,0,leaf_or_singleton,0,0,0,0,missing_in_source_trace,missing_superpoint_evidence
scene0011_00,observation00028,28,95,range hood,0.8660537004470825,0.9538906812667847,81754,0,0,0,leaf_or_singleton,0,0,0,0,missing_in_source_trace,missing_superpoint_evidence
scene0011_00,observation00029,29,100,range hood,0.5983573198318481,0.9474823474884033,21362,0,0,0,leaf_or_singleton,0,0,0,0,missing_in_source_trace,missing_superpoint_evidence
scene0011_00,observation00030,30,100,window,0.4671926200389862,0.9598062038421631,74814,0,0,0,leaf_or_singleton,0,0,0,0,missing_in_source_trace,missing_superpoint_evidence
scene0011_00,observation00031,31,110,tv,0.8666942715644836,1.0071842670440674,86195,0,0,0,leaf_or_singleton,0,0,0,0,missing_in_source_trace,missing_superpoint_evidence
scene0011_00,observation00032,32,115,tv,0.7480610609054565,0.9953842163085938,152157,0,0,0,leaf_or_singleton,0,0,0,0,missing_in_source_trace,missing_superpoint_evidence
scene0011_00,observation00033,33,115,desk,0.4751601219177246,0.8862679600715637,37834,0,0,0,leaf_or_singleton,0,0,0,0,missing_in_source_trace,missing_superpoint_evidence
scene0011_00,observation00034,34,115,table,0.4748154878616333,0.9144100546836853,151087,0,0,0,leaf_or_singleton,0,0,0,0,missing_in_source_trace,missing_superpoint_evidence
scene0011_00,observation00035,35,120,tv,0.7760508060455322,1.001571774482727,214634,0,0,0,leaf_or_singleton,0,0,0,0,missing_in_source_trace,missing_superpoint_evidence
scene0011_00,observation00036,36,120,desk,0.4976503849029541,0.8299087285995483,42304,0,0,0,leaf_or_singleton,0,0,0,0,missing_in_source_trace,missing_superpoint_evidence
scene0011_00,observation00037,37,125,tv,0.8110710978507996,1.000179409980774,248159,0,0,0,leaf_or_singleton,0,0,0,0,missing_in_source_trace,missing_superpoint_evidence
scene0011_00,observation00038,38,130,dishwasher,0.8317673802375793,0.9655590057373047,183116,0,0,0,leaf_or_singleton,0,0,0,0,missing_in_source_trace,missing_superpoint_evidence
scene0011_00,observation00039,39,130,counter,0.7660433053970337,0.9678143858909607,129348,0,0,0,leaf_or_singleton,0,0,0,0,missing_in_source_trace,missing_superpoint_evidence
scene0011_00,observation00040,40,130,oven,0.6741263270378113,0.9623005390167236,62013,0,0,0,leaf_or_singleton,0,0,0,0,missing_in_source_trace,missing_superpoint_evidence
scene0011_00,observation00041,41,130,stool,0.45114800333976746,0.9379814863204956,22964,0,0,0,leaf_or_singleton,0,0,0,0,missing_in_source_trace,missing_superpoint_evidence
scene0011_00,observation00042,42,135,dishwasher,0.7616564035415649,0.9677190780639648,169182,0,0,0,leaf_or_singleton,0,0,0,0,missing_in_source_trace,missing_superpoint_evidence
scene0011_00,observation00043,43,135,oven,0.5016160011291504,0.9670010805130005,73273,0,0,0,leaf_or_singleton,0,0,0,0,missing_in_source_trace,missing_superpoint_evidence
scene0011_00,observation00044,44,145,chair,0.4609852731227875,0.9273401498794556,132287,0,0,0,leaf_or_singleton,0,0,0,0,missing_in_source_trace,missing_superpoint_evidence
scene0011_00,observation00045,45,175,trash bin,0.677923321723938,0.9798173308372498,45745,0,0,0,leaf_or_singleton,0,0,0,0,missing_in_source_trace,missing_superpoint_evidence
scene0011_00,observation00046,46,180,trash bin,0.7684187293052673,0.9894739389419556,120777,0,0,0,leaf_or_singleton,0,0,0,0,missing_in_source_trace,missing_superpoint_evidence
scene0011_00,observation00047,47,180,chair,0.49908947944641113,0.9304684996604919,214288,0,0,0,leaf_or_singleton,0,0,0,0,missing_in_source_trace,missing_superpoint_evidence
scene0011_00,observation00048,48,195,seat,0.5810886025428772,0.9605373740196228,31100,0,0,0,leaf_or_singleton,0,0,0,0,missing_in_source_trace,missing_superpoint_evidence
scene0011_00,observation00049,49,200,refrigerator,0.6493434906005859,0.9602060914039612,28083,0,0,0,leaf_or_singleton,0,0,0,0,missing_in_source_trace,missing_superpoint_evidence
scene0011_00,observation00050,50,200,window,0.4757223427295685,0.9709593057632446,64936,0,0,0,leaf_or_singleton,0,0,0,0,missing_in_source_trace,missing_superpoint_evidence
scene0011_00,observation00051,51,205,tv,0.8452538847923279,0.9922023415565491,71153,0,0,0,leaf_or_singleton,0,0,0,0,missing_in_source_trace,missing_superpoint_evidence
scene0011_00,observation00052,52,205,trash bin,0.7173610329627991,0.9849187135696411,52902,0,0,0,leaf_or_singleton,0,0,0,0,missing_in_source_trace,missing_superpoint_evidence
scene0011_00,observation00053,53,205,refrigerator,0.6615525484085083,0.9600603580474854,59409,0,0,0,leaf_or_singleton,0,0,0,0,missing_in_source_trace,missing_superpoint_evidence
scene0011_00,observation00054,54,210,trash bin,0.7921305894851685,0.9913281798362732,70501,0,0,0,leaf_or_singleton,0,0,0,0,missing_in_source_trace,missing_superpoint_evidence
scene0011_00,observation00055,55,210,tv,0.5132972598075867,1.0024478435516357,305507,0,0,0,leaf_or_singleton,0,0,0,0,missing_in_source_trace,missing_superpoint_evidence
scene0011_00,observation00056,56,210,stand,0.5005044937133789,0.9225255846977234,243187,0,0,0,leaf_or_singleton,0,0,0,0,missing_in_source_trace,missing_superpoint_evidence
scene0011_00,observation00057,57,215,chair,0.4797195494174957,0.9641238451004028,114797,0,0,0,leaf_or_singleton,0,0,0,0,missing_in_source_trace,missing_superpoint_evidence
scene0011_00,observation00058,58,235,refrigerator,0.7796573638916016,0.9303869009017944,79686,0,0,0,leaf_or_singleton,0,0,0,0,missing_in_source_trace,missing_superpoint_evidence
scene0011_00,observation00059,59,235,folded chair,0.5216875076293945,0.9928556084632874,40725,0,0,0,leaf_or_singleton,0,0,0,0,missing_in_source_trace,missing_superpoint_evidence
scene0077_00,observation00000,0,0,printer,0.856333315372467,0.9758525490760803,73361,0,0,0,leaf_or_singleton,0,0,0,0,missing_in_source_trace,missing_superpoint_evidence
scene0077_00,observation00001,1,0,window,0.6085102558135986,0.9651443958282471,138448,0,0,0,leaf_or_singleton,0,0,0,0,missing_in_source_trace,missing_superpoint_evidence
scene0077_00,observation00002,2,0,printer,0.5309039354324341,0.9788467884063721,70284,0,0,0,leaf_or_singleton,0,0,0,0,missing_in_source_trace,missing_superpoint_evidence
scene0077_00,observation00003,3,0,clock,0.46827200055122375,0.9744713306427002,8742,0,0,0,leaf_or_singleton,0,0,0,0,missing_in_source_trace,missing_superpoint_evidence
scene0077_00,observation00004,4,5,bulletin board,0.8306593894958496,0.9927359819412231,88940,0,0,0,leaf_or_singleton,0,0,0,0,missing_in_source_trace,missing_superpoint_evidence
scene0077_00,observation00005,5,5,printer,0.6722674369812012,0.9733571410179138,68000,0,0,0,leaf_or_singleton,0,0,0,0,missing_in_source_trace,missing_superpoint_evidence
scene0077_00,observation00006,6,5,window,0.604250967502594,0.9629616141319275,141401,0,0,0,leaf_or_singleton,0,0,0,0,missing_in_source_trace,missing_superpoint_evidence
scene0077_00,observation00007,7,10,bulletin board,0.7193316221237183,0.9897519946098328,81580,0,0,0,leaf_or_singleton,0,0,0,0,missing_in_source_trace,missing_superpoint_evidence
scene0077_00,observation00008,8,10,printer,0.698508620262146,0.9705303311347961,82381,0,0,0,leaf_or_singleton,0,0,0,0,missing_in_source_trace,missing_superpoint_evidence
scene0077_00,observation00009,9,10,clock,0.4712483882904053,0.9512746334075928,10274,0,0,0,leaf_or_singleton,0,0,0,0,missing_in_source_trace,missing_superpoint_evidence
scene0077_00,observation00010,10,25,poster,0.4546615779399872,1.0029499530792236,75048,0,0,0,leaf_or_singleton,0,0,0,0,missing_in_source_trace,missing_superpoint_evidence
scene0077_00,observation00011,11,35,trash bin,0.6754891276359558,0.9763449430465698,31552,0,0,0,leaf_or_singleton,0,0,0,0,missing_in_source_trace,missing_superpoint_evidence
scene0077_00,observation00012,12,40,trash bin,0.7264695763587952,0.9902025461196899,42382,0,0,0,leaf_or_singleton,0,0,0,0,missing_in_source_trace,missing_superpoint_evidence
scene0077_00,observation00013,13,40,box,0.47322478890419006,0.9815943241119385,26824,0,0,0,leaf_or_singleton,0,0,0,0,missing_in_source_trace,missing_superpoint_evidence
scene0077_00,observation00014,14,55,printer,0.5985340476036072,0.9811661243438721,91125,0,0,0,leaf_or_singleton,0,0,0,0,missing_in_source_trace,missing_superpoint_evidence
scene0077_00,observation00015,15,60,printer,0.7590831518173218,0.9745538830757141,78042,0,0,0,leaf_or_singleton,0,0,0,0,missing_in_source_trace,missing_superpoint_evidence
scene0077_00,observation00016,16,60,printer,0.600344181060791,0.9806522130966187,66037,0,0,0,leaf_or_singleton,0,0,0,0,missing_in_source_trace,missing_superpoint_evidence
scene0077_00,observation00017,17,60,dishwasher,0.5359277725219727,1.000797152519226,16377,0,0,0,leaf_or_singleton,0,0,0,0,missing_in_source_trace,missing_superpoint_evidence
scene0077_00,observation00018,18,60,window,0.489846408367157,0.9581830501556396,96966,0,0,0,leaf_or_singleton,0,0,0,0,missing_in_source_trace,missing_superpoint_evidence
scene0608_01,observation00000,0,0,guitar,0.8872564435005188,0.9142398238182068,45066,0,0,0,leaf_or_singleton,0,0,0,0,missing_in_source_trace,missing_superpoint_evidence
scene0608_01,observation00001,1,0,keyboard piano,0.6490276455879211,0.9715935587882996,55899,0,0,0,leaf_or_singleton,0,0,0,0,missing_in_source_trace,missing_superpoint_evidence
scene0608_01,observation00002,2,0,window,0.5039998888969421,0.9839340448379517,116452,0,0,0,leaf_or_singleton,0,0,0,0,missing_in_source_trace,missing_superpoint_evidence
scene0608_01,observation00003,3,5,guitar,0.9004789590835571,0.9316042065620422,55968,0,0,0,leaf_or_singleton,0,0,0,0,missing_in_source_trace,missing_superpoint_evidence
scene0608_01,observation00004,4,5,blanket,0.4527013301849365,1.0073273181915283,225063,0,0,0,leaf_or_singleton,0,0,0,0,missing_in_source_trace,missing_superpoint_evidence
scene0608_01,observation00005,5,10,keyboard piano,0.5795886516571045,0.9790963530540466,56578,0,0,0,leaf_or_singleton,0,0,0,0,missing_in_source_trace,missing_superpoint_evidence
scene0608_01,observation00006,6,10,box,0.5053489804267883,0.9766139984130859,199751,0,0,0,leaf_or_singleton,0,0,0,0,missing_in_source_trace,missing_superpoint_evidence
scene0608_01,observation00007,7,10,plant,0.49730992317199707,0.9534940719604492,68433,0,0,0,leaf_or_singleton,0,0,0,0,missing_in_source_trace,missing_superpoint_evidence
scene0608_01,observation00008,8,10,blanket,0.4796460270881653,1.0008647441864014,85200,0,0,0,leaf_or_singleton,0,0,0,0,missing_in_source_trace,missing_superpoint_evidence
scene0608_01,observation00009,9,10,windowsill,0.46482065320014954,0.8902955055236816,21875,0,0,0,leaf_or_singleton,0,0,0,0,missing_in_source_trace,missing_superpoint_evidence
scene0608_01,observation00010,10,15,guitar,0.7825167775154114,0.9617100358009338,16193,0,0,0,leaf_or_singleton,0,0,0,0,missing_in_source_trace,missing_superpoint_evidence
scene0608_01,observation00011,11,15,keyboard piano,0.6170068383216858,0.9711527228355408,68056,0,0,0,leaf_or_singleton,0,0,0,0,missing_in_source_trace,missing_superpoint_evidence
scene0608_01,observation00012,12,15,potted plant,0.5417706370353699,0.7395703792572021,75649,0,0,0,leaf_or_singleton,0,0,0,0,missing_in_source_trace,missing_superpoint_evidence
scene0608_01,observation00013,13,15,poster,0.5413394570350647,0.9484502673149109,112337,0,0,0,leaf_or_singleton,0,0,0,0,missing_in_source_trace,missing_superpoint_evidence
scene0608_01,observation00014,14,15,table,0.4569336771965027,0.9517357349395752,57910,0,0,0,leaf_or_singleton,0,0,0,0,missing_in_source_trace,missing_superpoint_evidence
scene0608_01,observation00015,15,20,toaster oven,0.6044939756393433,0.9262382984161377,16015,0,0,0,leaf_or_singleton,0,0,0,0,missing_in_source_trace,missing_superpoint_evidence
scene0608_01,observation00016,16,20,keyboard piano,0.5154820084571838,0.9773924946784973,63523,0,0,0,leaf_or_singleton,0,0,0,0,missing_in_source_trace,missing_superpoint_evidence
scene0608_01,observation00017,17,25,ceiling,0.5645427703857422,0.9923398494720459,220821,0,0,0,leaf_or_singleton,0,0,0,0,missing_in_source_trace,missing_superpoint_evidence
scene0608_01,observation00018,18,25,curtain,0.46697115898132324,0.9186528921127319,30124,0,0,0,leaf_or_singleton,0,0,0,0,missing_in_source_trace,missing_superpoint_evidence
scene0608_01,observation00019,19,30,closet rod,0.6654332280158997,0.9244458675384521,42120,0,0,0,leaf_or_singleton,0,0,0,0,missing_in_source_trace,missing_superpoint_evidence
scene0608_01,observation00020,20,30,tv,0.5953301191329956,0.997028112411499,222743,0,0,0,leaf_or_singleton,0,0,0,0,missing_in_source_trace,missing_superpoint_evidence
scene0608_01,observation00021,21,30,ceiling,0.5589637160301208,0.9972292184829712,160088,0,0,0,leaf_or_singleton,0,0,0,0,missing_in_source_trace,missing_superpoint_evidence
scene0608_01,observation00022,22,35,tv stand,0.7245826125144958,0.9745086431503296,229811,0,0,0,leaf_or_singleton,0,0,0,0,missing_in_source_trace,missing_superpoint_evidence
scene0608_01,observation00023,23,35,tv,0.6212685108184814,1.0033072233200073,312317,0,0,0,leaf_or_singleton,0,0,0,0,missing_in_source_trace,missing_superpoint_evidence
scene0608_01,observation00024,24,35,plant,0.5029327273368835,0.968796968460083,96733,0,0,0,leaf_or_singleton,0,0,0,0,missing_in_source_trace,missing_superpoint_evidence
scene0608_01,observation00025,25,40,plant,0.5097677111625671,0.9952636957168579,73694,0,0,0,leaf_or_singleton,0,0,0,0,missing_in_source_trace,missing_superpoint_evidence
scene0608_01,observation00026,26,45,tv stand,0.7384311556816101,0.9875185489654541,58765,0,0,0,leaf_or_singleton,0,0,0,0,missing_in_source_trace,missing_superpoint_evidence
scene0608_01,observation00027,27,45,tv,0.7360166311264038,0.9786146879196167,229809,0,0,0,leaf_or_singleton,0,0,0,0,missing_in_source_trace,missing_superpoint_evidence
scene0608_01,observation00028,28,45,ceiling,0.5838432312011719,0.9918277263641357,137655,0,0,0,leaf_or_singleton,0,0,0,0,missing_in_source_trace,missing_superpoint_evidence
scene0608_01,observation00029,29,45,picture,0.5513888001441956,0.9718024730682373,167921,0,0,0,leaf_or_singleton,0,0,0,0,missing_in_source_trace,missing_superpoint_evidence
scene0608_01,observation00030,30,50,tv stand,0.7856526374816895,0.9830582141876221,219578,0,0,0,leaf_or_singleton,0,0,0,0,missing_in_source_trace,missing_superpoint_evidence
scene0608_01,observation00031,31,50,tv,0.7115129232406616,0.9971582889556885,153404,0,0,0,leaf_or_singleton,0,0,0,0,missing_in_source_trace,missing_superpoint_evidence
scene0608_01,observation00032,32,50,picture,0.668250560760498,1.0048344135284424,111221,0,0,0,leaf_or_singleton,0,0,0,0,missing_in_source_trace,missing_superpoint_evidence
scene0608_01,observation00033,33,50,pillow,0.6290639042854309,0.9827242493629456,49433,0,0,0,leaf_or_singleton,0,0,0,0,missing_in_source_trace,missing_superpoint_evidence
scene0608_01,observation00034,34,50,pillow,0.5735750794410706,0.9827232360839844,32742,0,0,0,leaf_or_singleton,0,0,0,0,missing_in_source_trace,missing_superpoint_evidence
scene0608_01,observation00035,35,55,tv,0.7214583158493042,0.9965928196907043,161885,0,0,0,leaf_or_singleton,0,0,0,0,missing_in_source_trace,missing_superpoint_evidence
scene0608_01,observation00036,36,55,mat,0.6450956463813782,0.9850270748138428,30258,0,0,0,leaf_or_singleton,0,0,0,0,missing_in_source_trace,missing_superpoint_evidence
scene0608_01,observation00037,37,55,tv stand,0.6444132924079895,0.9892599582672119,280438,0,0,0,leaf_or_singleton,0,0,0,0,missing_in_source_trace,missing_superpoint_evidence
scene0608_01,observation00038,38,55,pillow,0.642566978931427,0.9851856827735901,41222,0,0,0,leaf_or_singleton,0,0,0,0,missing_in_source_trace,missing_superpoint_evidence
scene0608_01,observation00039,39,55,pipe,0.47810736298561096,0.9805893898010254,24655,0,0,0,leaf_or_singleton,0,0,0,0,missing_in_source_trace,missing_superpoint_evidence
scene0608_01,observation00040,40,60,blanket,0.6706141829490662,1.0092555284500122,184363,0,0,0,leaf_or_singleton,0,0,0,0,missing_in_source_trace,missing_superpoint_evidence
scene0608_01,observation00041,41,60,pillow,0.5484103560447693,0.986029863357544,49352,0,0,0,leaf_or_singleton,0,0,0,0,missing_in_source_trace,missing_superpoint_evidence
scene0608_01,observation00042,42,65,pillow,0.4895913898944855,0.9899501204490662,49468,0,0,0,leaf_or_singleton,0,0,0,0,missing_in_source_trace,missing_superpoint_evidence
scene0608_01,observation00043,43,65,tv,0.4871825873851776,0.9720699787139893,48072,0,0,0,leaf_or_singleton,0,0,0,0,missing_in_source_trace,missing_superpoint_evidence
scene0608_01,observation00044,44,70,tv stand,0.7737383246421814,0.9816710948944092,212939,0,0,0,leaf_or_singleton,0,0,0,0,missing_in_source_trace,missing_superpoint_evidence
scene0608_01,observation00045,45,70,tv,0.738588273525238,0.9931559562683105,140515,0,0,0,leaf_or_singleton,0,0,0,0,missing_in_source_trace,missing_superpoint_evidence
scene0608_01,observation00046,46,70,picture,0.5599915981292725,1.0003920793533325,80080,0,0,0,leaf_or_singleton,0,0,0,0,missing_in_source_trace,missing_superpoint_evidence
scene0608_01,observation00047,47,70,pillow,0.5547296404838562,0.989474356174469,33685,0,0,0,leaf_or_singleton,0,0,0,0,missing_in_source_trace,missing_superpoint_evidence
scene0608_01,observation00048,48,75,tv,0.862660825252533,0.9948203563690186,94986,0,0,0,leaf_or_singleton,0,0,0,0,missing_in_source_trace,missing_superpoint_evidence
scene0608_01,observation00049,49,75,couch,0.7065469026565552,0.9981852173805237,132123,0,0,0,leaf_or_singleton,0,0,0,0,missing_in_source_trace,missing_superpoint_evidence
scene0608_01,observation00050,50,75,tv stand,0.6038962602615356,0.9969587326049805,48050,0,0,0,leaf_or_singleton,0,0,0,0,missing_in_source_trace,missing_superpoint_evidence
scene0608_01,observation00051,51,75,picture,0.5016942024230957,1.0007458925247192,131213,0,0,0,leaf_or_singleton,0,0,0,0,missing_in_source_trace,missing_superpoint_evidence
scene0608_01,observation00052,52,80,couch,0.6926135420799255,0.9746220111846924,231968,0,0,0,leaf_or_singleton,0,0,0,0,missing_in_source_trace,missing_superpoint_evidence
scene0608_01,observation00053,53,80,bulletin board,0.5574246644973755,1.013711929321289,166632,0,0,0,leaf_or_singleton,0,0,0,0,missing_in_source_trace,missing_superpoint_evidence
scene0608_01,observation00054,54,80,picture,0.5170939564704895,0.9846896529197693,164965,0,0,0,leaf_or_singleton,0,0,0,0,missing_in_source_trace,missing_superpoint_evidence
scene0608_01,observation00055,55,80,pillow,0.453055739402771,0.9817875623703003,15185,0,0,0,leaf_or_singleton,0,0,0,0,missing_in_source_trace,missing_superpoint_evidence
scene0608_01,observation00056,56,85,bulletin board,0.510263204574585,1.0039433240890503,180214,0,0,0,leaf_or_singleton,0,0,0,0,missing_in_source_trace,missing_superpoint_evidence
scene0608_01,observation00057,57,85,picture,0.5102550983428955,0.9642336368560791,158208,0,0,0,leaf_or_singleton,0,0,0,0,missing_in_source_trace,missing_superpoint_evidence
scene0608_01,observation00058,58,90,door,0.6065043807029724,0.9902353882789612,104013,0,0,0,leaf_or_singleton,0,0,0,0,missing_in_source_trace,missing_superpoint_evidence
scene0608_01,observation00059,59,90,pillow,0.5521876215934753,0.9877886772155762,13881,0,0,0,leaf_or_singleton,0,0,0,0,missing_in_source_trace,missing_superpoint_evidence
scene0608_01,observation00060,60,90,picture,0.4859442114830017,0.9544309973716736,54463,0,0,0,leaf_or_singleton,0,0,0,0,missing_in_source_trace,missing_superpoint_evidence
scene0608_01,observation00061,61,95,ottoman,0.9320337772369385,0.9896666407585144,44889,0,0,0,leaf_or_singleton,0,0,0,0,missing_in_source_trace,missing_superpoint_evidence
scene0608_01,observation00062,62,95,pillow,0.6109790205955505,0.986362636089325,20380,0,0,0,leaf_or_singleton,0,0,0,0,missing_in_source_trace,missing_superpoint_evidence
scene0608_01,observation00063,63,95,bulletin board,0.5694435238838196,1.010932207107544,133172,0,0,0,leaf_or_singleton,0,0,0,0,missing_in_source_trace,missing_superpoint_evidence
scene0608_01,observation00064,64,95,door,0.5432478189468384,0.9823698401451111,54555,0,0,0,leaf_or_singleton,0,0,0,0,missing_in_source_trace,missing_superpoint_evidence
scene0608_01,observation00065,65,100,ottoman,0.8242290616035461,0.9857047200202942,45433,0,0,0,leaf_or_singleton,0,0,0,0,missing_in_source_trace,missing_superpoint_evidence
scene0608_01,observation00066,66,100,storage organizer,0.6499655842781067,0.9432735443115234,54526,0,0,0,leaf_or_singleton,0,0,0,0,missing_in_source_trace,missing_superpoint_evidence
scene0608_01,observation00067,67,100,bulletin board,0.6311289072036743,1.0098775625228882,106608,0,0,0,leaf_or_singleton,0,0,0,0,missing_in_source_trace,missing_superpoint_evidence
scene0608_01,observation00068,68,100,door,0.500809907913208,0.9840846657752991,69325,0,0,0,leaf_or_singleton,0,0,0,0,missing_in_source_trace,missing_superpoint_evidence
scene0608_01,observation00069,69,105,ottoman,0.9209288954734802,0.9779753088951111,76350,0,0,0,leaf_or_singleton,0,0,0,0,missing_in_source_trace,missing_superpoint_evidence
scene0608_01,observation00070,70,105,ottoman,0.730289876461029,0.9935013651847839,43782,0,0,0,leaf_or_singleton,0,0,0,0,missing_in_source_trace,missing_superpoint_evidence
scene0608_01,observation00071,71,105,armchair,0.6320555210113525,1.0041327476501465,238202,0,0,0,leaf_or_singleton,0,0,0,0,missing_in_source_trace,missing_superpoint_evidence
scene0608_01,observation00072,72,105,armchair,0.5135319232940674,0.9918231964111328,171012,0,0,0,leaf_or_singleton,0,0,0,0,missing_in_source_trace,missing_superpoint_evidence
scene0608_01,observation00073,73,110,ottoman,0.8542507886886597,0.9664422273635864,66940,0,0,0,leaf_or_singleton,0,0,0,0,missing_in_source_trace,missing_superpoint_evidence
scene0608_01,observation00074,74,110,ottoman,0.7482141256332397,0.9801913499832153,36577,0,0,0,leaf_or_singleton,0,0,0,0,missing_in_source_trace,missing_superpoint_evidence
scene0608_01,observation00075,75,110,pillow,0.5546334981918335,0.993740975856781,48871,0,0,0,leaf_or_singleton,0,0,0,0,missing_in_source_trace,missing_superpoint_evidence
scene0608_01,observation00076,76,110,radiator,0.5046035051345825,0.9539488554000854,40269,0,0,0,leaf_or_singleton,0,0,0,0,missing_in_source_trace,missing_superpoint_evidence
scene0608_01,observation00077,77,110,couch,0.4833543002605438,0.9729412198066711,137995,0,0,0,leaf_or_singleton,0,0,0,0,missing_in_source_trace,missing_superpoint_evidence
scene0608_01,observation00078,78,115,ottoman,0.6287916898727417,0.9499491453170776,35380,0,0,0,leaf_or_singleton,0,0,0,0,missing_in_source_trace,missing_superpoint_evidence
scene0608_01,observation00079,79,115,radiator,0.6104260087013245,0.9417001605033875,25363,0,0,0,leaf_or_singleton,0,0,0,0,missing_in_source_trace,missing_superpoint_evidence
scene0608_01,observation00080,80,115,ottoman,0.49066293239593506,0.978642463684082,44484,0,0,0,leaf_or_singleton,0,0,0,0,missing_in_source_trace,missing_superpoint_evidence
scene0608_01,observation00081,81,115,armchair,0.450027734041214,0.9669221639633179,115478,0,0,0,leaf_or_singleton,0,0,0,0,missing_in_source_trace,missing_superpoint_evidence
scene0608_01,observation00082,82,120,ottoman,0.9212769269943237,0.9786705374717712,46574,0,0,0,leaf_or_singleton,0,0,0,0,missing_in_source_trace,missing_superpoint_evidence
scene0608_01,observation00083,83,120,lamp,0.8351299166679382,0.9221997857093811,37850,0,0,0,leaf_or_singleton,0,0,0,0,missing_in_source_trace,missing_superpoint_evidence
scene0608_01,observation00084,84,120,coffee table,0.5646190047264099,0.9399328231811523,49992,0,0,0,leaf_or_singleton,0,0,0,0,missing_in_source_trace,missing_superpoint_evidence
scene0608_01,observation00085,85,120,armchair,0.5473636388778687,0.981658399105072,88025,0,0,0,leaf_or_singleton,0,0,0,0,missing_in_source_trace,missing_superpoint_evidence
scene0608_01,observation00086,86,125,headphones,0.8721497058868408,0.9580751061439514,6039,0,0,0,leaf_or_singleton,0,0,0,0,missing_in_source_trace,missing_superpoint_evidence
scene0608_01,observation00087,87,125,lamp,0.731418788433075,0.9711358547210693,51847,0,0,0,leaf_or_singleton,0,0,0,0,missing_in_source_trace,missing_superpoint_evidence
scene0608_01,observation00088,88,125,radiator,0.7134526371955872,0.9712306261062622,66816,0,0,0,leaf_or_singleton,0,0,0,0,missing_in_source_trace,missing_superpoint_evidence
scene0608_01,observation00089,89,125,basket,0.6238543391227722,0.9759576916694641,9093,0,0,0,leaf_or_singleton,0,0,0,0,missing_in_source_trace,missing_superpoint_evidence
scene0608_01,observation00090,90,125,picture,0.5640823245048523,1.002943754196167,13674,0,0,0,leaf_or_singleton,0,0,0,0,missing_in_source_trace,missing_superpoint_evidence
scene0608_01,observation00091,91,125,bottle,0.5405212640762329,0.974498450756073,7345,0,0,0,leaf_or_singleton,0,0,0,0,missing_in_source_trace,missing_superpoint_evidence
scene0608_01,observation00092,92,125,coat rack,0.5175161361694336,0.968139111995697,2705,0,0,0,leaf_or_singleton,0,0,0,0,missing_in_source_trace,missing_superpoint_evidence
scene0608_01,observation00093,93,130,lamp,0.7775129079818726,0.9760571122169495,52663,0,0,0,leaf_or_singleton,0,0,0,0,missing_in_source_trace,missing_superpoint_evidence
scene0608_01,observation00094,94,130,armchair,0.7268126010894775,0.9827921390533447,71065,0,0,0,leaf_or_singleton,0,0,0,0,missing_in_source_trace,missing_superpoint_evidence
scene0608_01,observation00095,95,130,basket,0.643441379070282,0.9674003720283508,10480,0,0,0,leaf_or_singleton,0,0,0,0,missing_in_source_trace,missing_superpoint_evidence
scene0608_01,observation00096,96,130,bottle,0.49654820561408997,0.9677066802978516,6857,0,0,0,leaf_or_singleton,0,0,0,0,missing_in_source_trace,missing_superpoint_evidence
scene0608_01,observation00097,97,135,lamp,0.7717670798301697,0.9946706295013428,59872,0,0,0,leaf_or_singleton,0,0,0,0,missing_in_source_trace,missing_superpoint_evidence
scene0608_01,observation00098,98,135,wardrobe,0.6175666451454163,0.9925013184547424,107299,0,0,0,leaf_or_singleton,0,0,0,0,missing_in_source_trace,missing_superpoint_evidence
scene0608_01,observation00099,99,140,lamp,0.8058835864067078,0.9794967174530029,41498,0,0,0,leaf_or_singleton,0,0,0,0,missing_in_source_trace,missing_superpoint_evidence
scene0608_01,observation00100,100,140,armchair,0.6827089190483093,0.9228180646896362,260310,0,0,0,leaf_or_singleton,0,0,0,0,missing_in_source_trace,missing_superpoint_evidence
scene0608_01,observation00101,101,140,basket,0.5541450381278992,0.9794363379478455,10455,0,0,0,leaf_or_singleton,0,0,0,0,missing_in_source_trace,missing_superpoint_evidence
scene0608_01,observation00102,102,140,pillow,0.5319327116012573,0.9657432436943054,76329,0,0,0,leaf_or_singleton,0,0,0,0,missing_in_source_trace,missing_superpoint_evidence
scene0608_01,observation00103,103,140,bottle,0.4658696949481964,0.9723228812217712,6176,0,0,0,leaf_or_singleton,0,0,0,0,missing_in_source_trace,missing_superpoint_evidence
scene0608_01,observation00104,104,145,ottoman,0.7346616387367249,0.985639750957489,128464,0,0,0,leaf_or_singleton,0,0,0,0,missing_in_source_trace,missing_superpoint_evidence
scene0608_01,observation00105,105,145,coffee table,0.5188661217689514,0.9556068181991577,133029,0,0,0,leaf_or_singleton,0,0,0,0,missing_in_source_trace,missing_superpoint_evidence
scene0608_01,observation00106,106,150,lamp,0.8021331429481506,0.9794820547103882,57738,0,0,0,leaf_or_singleton,0,0,0,0,missing_in_source_trace,missing_superpoint_evidence
scene0608_01,observation00107,107,150,armchair,0.7156002521514893,0.9710042476654053,214499,0,0,0,leaf_or_singleton,0,0,0,0,missing_in_source_trace,missing_superpoint_evidence
scene0608_01,observation00108,108,150,guitar case,0.5987171530723572,0.9616888761520386,32821,0,0,0,leaf_or_singleton,0,0,0,0,missing_in_source_trace,missing_superpoint_evidence
scene0608_01,observation00109,109,150,basket,0.5723075270652771,0.9748901724815369,13695,0,0,0,leaf_or_singleton,0,0,0,0,missing_in_source_trace,missing_superpoint_evidence
scene0608_01,observation00110,110,150,cushion,0.46666595339775085,0.9683141708374023,104672,0,0,0,leaf_or_singleton,0,0,0,0,missing_in_source_trace,missing_superpoint_evidence
scene0608_01,observation00111,111,155,lamp,0.7827387452125549,0.9670423269271851,53751,0,0,0,leaf_or_singleton,0,0,0,0,missing_in_source_trace,missing_superpoint_evidence
scene0608_01,observation00112,112,155,armchair,0.5855770707130432,0.9642148017883301,151302,0,0,0,leaf_or_singleton,0,0,0,0,missing_in_source_trace,missing_superpoint_evidence
scene0608_01,observation00113,113,155,dish rack,0.5460796356201172,0.9426848888397217,12576,0,0,0,leaf_or_singleton,0,0,0,0,missing_in_source_trace,missing_superpoint_evidence
scene0608_01,observation00114,114,155,basket,0.4931573271751404,0.9767746925354004,13814,0,0,0,leaf_or_singleton,0,0,0,0,missing_in_source_trace,missing_superpoint_evidence
scene0608_01,observation00115,115,155,pillow,0.4652142822742462,0.9816190004348755,28783,0,0,0,leaf_or_singleton,0,0,0,0,missing_in_source_trace,missing_superpoint_evidence
scene0608_01,observation00116,116,160,lamp,0.7175837159156799,0.9704598784446716,33241,0,0,0,leaf_or_singleton,0,0,0,0,missing_in_source_trace,missing_superpoint_evidence
scene0608_01,observation00117,117,160,sofa chair,0.5643889904022217,0.9916905164718628,30729,0,0,0,leaf_or_singleton,0,0,0,0,missing_in_source_trace,missing_superpoint_evidence
scene0608_01,observation00118,118,160,sofa chair,0.4553057551383972,0.9844977855682373,85773,0,0,0,leaf_or_singleton,0,0,0,0,missing_in_source_trace,missing_superpoint_evidence
scene0608_01,observation00119,119,165,lamp,0.7404122948646545,0.963284969329834,37996,0,0,0,leaf_or_singleton,0,0,0,0,missing_in_source_trace,missing_superpoint_evidence
scene0608_01,observation00120,120,165,bottle,0.5835317969322205,0.9604832530021667,7493,0,0,0,leaf_or_singleton,0,0,0,0,missing_in_source_trace,missing_superpoint_evidence
scene0608_01,observation00121,121,165,armchair,0.4758393466472626,0.9737479090690613,72197,0,0,0,leaf_or_singleton,0,0,0,0,missing_in_source_trace,missing_superpoint_evidence
scene0608_01,observation00122,122,170,ottoman,0.9205147624015808,0.9789199233055115,79505,0,0,0,leaf_or_singleton,0,0,0,0,missing_in_source_trace,missing_superpoint_evidence
scene0608_01,observation00123,123,170,lamp,0.7537733316421509,0.9331927299499512,28646,0,0,0,leaf_or_singleton,0,0,0,0,missing_in_source_trace,missing_superpoint_evidence
scene0608_01,observation00124,124,170,armchair,0.680476725101471,0.9616159200668335,247838,0,0,0,leaf_or_singleton,0,0,0,0,missing_in_source_trace,missing_superpoint_evidence
scene0608_01,observation00125,125,170,basket,0.6230891346931458,0.9597267508506775,7051,0,0,0,leaf_or_singleton,0,0,0,0,missing_in_source_trace,missing_superpoint_evidence
scene0608_01,observation00126,126,170,coffee table,0.6217058300971985,0.8442296981811523,58182,0,0,0,leaf_or_singleton,0,0,0,0,missing_in_source_trace,missing_superpoint_evidence
scene0608_01,observation00127,127,170,bottle,0.6060042381286621,0.9628077149391174,5928,0,0,0,leaf_or_singleton,0,0,0,0,missing_in_source_trace,missing_superpoint_evidence
scene0608_01,observation00128,128,170,tissue box,0.5292215943336487,0.9359277486801147,10467,0,0,0,leaf_or_singleton,0,0,0,0,missing_in_source_trace,missing_superpoint_evidence
scene0608_01,observation00129,129,175,cup,0.5531983971595764,0.9170498251914978,19650,0,0,0,leaf_or_singleton,0,0,0,0,missing_in_source_trace,missing_superpoint_evidence
scene0608_01,observation00130,130,175,bottle,0.4710901379585266,0.9248695373535156,7433,0,0,0,leaf_or_singleton,0,0,0,0,missing_in_source_trace,missing_superpoint_evidence
scene0608_01,observation00131,131,180,armchair,0.5809260606765747,0.9795380234718323,230512,0,0,0,leaf_or_singleton,0,0,0,0,missing_in_source_trace,missing_superpoint_evidence
scene0608_01,observation00132,132,180,keyboard piano,0.4583214521408081,0.9710174798965454,14313,0,0,0,leaf_or_singleton,0,0,0,0,missing_in_source_trace,missing_superpoint_evidence
scene0608_01,observation00133,133,185,guitar,0.8349393606185913,0.9519824981689453,39576,0,0,0,leaf_or_singleton,0,0,0,0,missing_in_source_trace,missing_superpoint_evidence
scene0608_01,observation00134,134,185,keyboard piano,0.5814297795295715,0.9784042239189148,30336,0,0,0,leaf_or_singleton,0,0,0,0,missing_in_source_trace,missing_superpoint_evidence
scene0608_01,observation00135,135,185,armchair,0.5034171938896179,1.0090763568878174,113356,0,0,0,leaf_or_singleton,0,0,0,0,missing_in_source_trace,missing_superpoint_evidence
scene0608_01,observation00136,136,185,guitar case,0.4714188575744629,0.9683443307876587,16370,0,0,0,leaf_or_singleton,0,0,0,0,missing_in_source_trace,missing_superpoint_evidence
scene0608_01,observation00137,137,190,guitar,0.8148021101951599,0.9593660831451416,47649,0,0,0,leaf_or_singleton,0,0,0,0,missing_in_source_trace,missing_superpoint_evidence
scene0608_01,observation00138,138,190,blanket,0.7986131906509399,1.0023890733718872,93888,0,0,0,leaf_or_singleton,0,0,0,0,missing_in_source_trace,missing_superpoint_evidence
scene0608_01,observation00139,139,190,keyboard piano,0.6052135825157166,0.9749636054039001,31229,0,0,0,leaf_or_singleton,0,0,0,0,missing_in_source_trace,missing_superpoint_evidence
scene0608_01,observation00140,140,190,potted plant,0.5695716738700867,0.9401638507843018,46254,0,0,0,leaf_or_singleton,0,0,0,0,missing_in_source_trace,missing_superpoint_evidence
scene0608_01,observation00141,141,195,guitar,0.8731518983840942,0.9648206233978271,77553,0,0,0,leaf_or_singleton,0,0,0,0,missing_in_source_trace,missing_superpoint_evidence
scene0608_01,observation00142,142,195,keyboard piano,0.6587185859680176,0.9806787967681885,45906,0,0,0,leaf_or_singleton,0,0,0,0,missing_in_source_trace,missing_superpoint_evidence
scene0608_01,observation00143,143,195,blanket,0.5209125876426697,0.996595025062561,96974,0,0,0,leaf_or_singleton,0,0,0,0,missing_in_source_trace,missing_superpoint_evidence
scene0608_01,observation00144,144,195,plant,0.4819619357585907,0.9382959008216858,32040,0,0,0,leaf_or_singleton,0,0,0,0,missing_in_source_trace,missing_superpoint_evidence
scene0608_01,observation00145,145,200,guitar,0.8289141058921814,0.9113895893096924,16452,0,0,0,leaf_or_singleton,0,0,0,0,missing_in_source_trace,missing_superpoint_evidence
scene0608_01,observation00146,146,200,armchair,0.7423712015151978,0.945338785648346,144799,0,0,0,leaf_or_singleton,0,0,0,0,missing_in_source_trace,missing_superpoint_evidence
scene0608_01,observation00147,147,200,keyboard piano,0.6742878556251526,0.972902774810791,39293,0,0,0,leaf_or_singleton,0,0,0,0,missing_in_source_trace,missing_superpoint_evidence
scene0608_01,observation00148,148,200,potted plant,0.47736331820487976,0.9232363104820251,74314,0,0,0,leaf_or_singleton,0,0,0,0,missing_in_source_trace,missing_superpoint_evidence
scene0608_01,observation00149,149,205,guitar,0.8747590780258179,0.9655440449714661,71220,0,0,0,leaf_or_singleton,0,0,0,0,missing_in_source_trace,missing_superpoint_evidence
scene0608_01,observation00150,150,205,armchair,0.6977436542510986,0.9519679546356201,239100,0,0,0,leaf_or_singleton,0,0,0,0,missing_in_source_trace,missing_superpoint_evidence
scene0608_01,observation00151,151,205,keyboard piano,0.661259651184082,0.9576727747917175,34645,0,0,0,leaf_or_singleton,0,0,0,0,missing_in_source_trace,missing_superpoint_evidence
scene0608_01,observation00152,152,205,plant,0.46433225274086,0.9776076674461365,101981,0,0,0,leaf_or_singleton,0,0,0,0,missing_in_source_trace,missing_superpoint_evidence
scene0608_01,observation00153,153,210,guitar,0.8499904870986938,1.0025190114974976,72389,0,0,0,leaf_or_singleton,0,0,0,0,missing_in_source_trace,missing_superpoint_evidence
scene0608_01,observation00154,154,210,blanket,0.4885936677455902,1.013088583946228,300320,0,0,0,leaf_or_singleton,0,0,0,0,missing_in_source_trace,missing_superpoint_evidence
scene0608_01,observation00155,155,215,guitar,0.7852294445037842,1.0004079341888428,102768,0,0,0,leaf_or_singleton,0,0,0,0,missing_in_source_trace,missing_superpoint_evidence
scene0608_01,observation00156,156,215,guitar case,0.560002863407135,0.9728529453277588,139070,0,0,0,leaf_or_singleton,0,0,0,0,missing_in_source_trace,missing_superpoint_evidence
scene0608_01,observation00157,157,215,paper cutter,0.489003986120224,0.9797378778457642,53642,0,0,0,leaf_or_singleton,0,0,0,0,missing_in_source_trace,missing_superpoint_evidence
scene0608_01,observation00158,158,220,jacket,0.5539191365242004,1.0044962167739868,102523,0,0,0,leaf_or_singleton,0,0,0,0,missing_in_source_trace,missing_superpoint_evidence
scene0608_01,observation00159,159,220,sofa chair,0.48750874400138855,1.0019515752792358,74494,0,0,0,leaf_or_singleton,0,0,0,0,missing_in_source_trace,missing_superpoint_evidence
scene0608_01,observation00160,160,225,book,0.6405153274536133,0.977532684803009,26605,0,0,0,leaf_or_singleton,0,0,0,0,missing_in_source_trace,missing_superpoint_evidence
scene0608_01,observation00161,161,230,book,0.5597918629646301,0.9856889247894287,27500,0,0,0,leaf_or_singleton,0,0,0,0,missing_in_source_trace,missing_superpoint_evidence
scene0608_01,observation00162,162,240,armchair,0.6828675270080566,0.9756994247436523,279794,0,0,0,leaf_or_singleton,0,0,0,0,missing_in_source_trace,missing_superpoint_evidence
scene0608_01,observation00163,163,240,book,0.5272982120513916,0.9864785671234131,23630,0,0,0,leaf_or_singleton,0,0,0,0,missing_in_source_trace,missing_superpoint_evidence
scene0608_01,observation00164,164,245,hair dryer,0.8609976768493652,0.9708969593048096,25742,0,0,0,leaf_or_singleton,0,0,0,0,missing_in_source_trace,missing_superpoint_evidence
scene0608_01,observation00165,165,245,bottle,0.4821983575820923,0.9409606456756592,5327,0,0,0,leaf_or_singleton,0,0,0,0,missing_in_source_trace,missing_superpoint_evidence
scene0608_01,observation00166,166,250,lamp,0.7358148097991943,0.9818212985992432,25198,0,0,0,leaf_or_singleton,0,0,0,0,missing_in_source_trace,missing_superpoint_evidence
scene0608_01,observation00167,167,250,armchair,0.7238403558731079,0.9533990621566772,215874,0,0,0,leaf_or_singleton,0,0,0,0,missing_in_source_trace,missing_superpoint_evidence
scene0608_01,observation00168,168,250,coffee table,0.6235815286636353,0.9091936349868774,37743,0,0,0,leaf_or_singleton,0,0,0,0,missing_in_source_trace,missing_superpoint_evidence
scene0608_01,observation00169,169,250,bottle,0.6010507941246033,0.9645282030105591,5965,0,0,0,leaf_or_singleton,0,0,0,0,missing_in_source_trace,missing_superpoint_evidence
scene0608_01,observation00170,170,250,basket,0.5331760048866272,0.952117919921875,5730,0,0,0,leaf_or_singleton,0,0,0,0,missing_in_source_trace,missing_superpoint_evidence
scene0608_01,observation00171,171,250,cup,0.5062016844749451,0.9496219754219055,18125,0,0,0,leaf_or_singleton,0,0,0,0,missing_in_source_trace,missing_superpoint_evidence
scene0608_01,observation00172,172,255,dumbbell,0.8171073794364929,0.9878194332122803,22400,0,0,0,leaf_or_singleton,0,0,0,0,missing_in_source_trace,missing_superpoint_evidence
scene0608_01,observation00173,173,255,table,0.7092610597610474,0.9204462766647339,192258,0,0,0,leaf_or_singleton,0,0,0,0,missing_in_source_trace,missing_superpoint_evidence
scene0608_01,observation00174,174,255,armchair,0.6518303155899048,0.9543291330337524,193298,0,0,0,leaf_or_singleton,0,0,0,0,missing_in_source_trace,missing_superpoint_evidence
scene0608_01,observation00175,175,255,cup,0.6499898433685303,0.9892565011978149,14463,0,0,0,leaf_or_singleton,0,0,0,0,missing_in_source_trace,missing_superpoint_evidence
scene0608_01,observation00176,176,255,basket,0.5500593781471252,0.9649359583854675,7637,0,0,0,leaf_or_singleton,0,0,0,0,missing_in_source_trace,missing_superpoint_evidence
scene0608_01,observation00177,177,255,bottle,0.45644479990005493,0.980879008769989,8815,0,0,0,leaf_or_singleton,0,0,0,0,missing_in_source_trace,missing_superpoint_evidence
scene0608_01,observation00178,178,260,ottoman,0.920654296875,0.9491082429885864,57446,0,0,0,leaf_or_singleton,0,0,0,0,missing_in_source_trace,missing_superpoint_evidence
scene0608_01,observation00179,179,260,cup,0.7427482008934021,0.9816495776176453,12290,0,0,0,leaf_or_singleton,0,0,0,0,missing_in_source_trace,missing_superpoint_evidence
scene0608_01,observation00180,180,265,cup,0.726627767086029,0.9820873141288757,14483,0,0,0,leaf_or_singleton,0,0,0,0,missing_in_source_trace,missing_superpoint_evidence
scene0608_01,observation00181,181,265,book,0.536113440990448,0.962624728679657,36376,0,0,0,leaf_or_singleton,0,0,0,0,missing_in_source_trace,missing_superpoint_evidence
scene0608_01,observation00182,182,265,book,0.46360573172569275,0.9674777984619141,18030,0,0,0,leaf_or_singleton,0,0,0,0,missing_in_source_trace,missing_superpoint_evidence
scene0608_01,observation00183,183,270,couch,0.6839192509651184,0.9733525514602661,188983,0,0,0,leaf_or_singleton,0,0,0,0,missing_in_source_trace,missing_superpoint_evidence
scene0608_01,observation00184,184,270,blanket,0.6424906849861145,1.0067105293273926,146283,0,0,0,leaf_or_singleton,0,0,0,0,missing_in_source_trace,missing_superpoint_evidence
scene0608_01,observation00185,185,270,pipe,0.6081969141960144,0.9690321087837219,26325,0,0,0,leaf_or_singleton,0,0,0,0,missing_in_source_trace,missing_superpoint_evidence
scene0608_01,observation00186,186,270,cd case,0.579608142375946,0.9699146151542664,21060,0,0,0,leaf_or_singleton,0,0,0,0,missing_in_source_trace,missing_superpoint_evidence
scene0608_01,observation00187,187,275,blanket,0.7657464742660522,0.9998735785484314,221277,0,0,0,leaf_or_singleton,0,0,0,0,missing_in_source_trace,missing_superpoint_evidence
scene0608_01,observation00188,188,275,dumbbell,0.5415430665016174,0.9706789255142212,14099,0,0,0,leaf_or_singleton,0,0,0,0,missing_in_source_trace,missing_superpoint_evidence
scene0608_01,observation00189,189,280,blanket,0.6623401641845703,1.0028177499771118,238646,0,0,0,leaf_or_singleton,0,0,0,0,missing_in_source_trace,missing_superpoint_evidence
scene0608_01,observation00190,190,280,guitar,0.5465071797370911,0.8667292594909668,155489,0,0,0,leaf_or_singleton,0,0,0,0,missing_in_source_trace,missing_superpoint_evidence
scene0608_01,observation00191,191,285,guitar,0.8626105189323425,0.9731499552726746,36416,0,0,0,leaf_or_singleton,0,0,0,0,missing_in_source_trace,missing_superpoint_evidence
scene0608_01,observation00192,192,285,keyboard piano,0.6278237700462341,0.9794613718986511,73041,0,0,0,leaf_or_singleton,0,0,0,0,missing_in_source_trace,missing_superpoint_evidence
scene0608_01,observation00193,193,285,poster,0.5800668001174927,0.976110577583313,55549,0,0,0,leaf_or_singleton,0,0,0,0,missing_in_source_trace,missing_superpoint_evidence
scene0608_01,observation00194,194,285,window,0.5392144918441772,0.9759683609008789,181170,0,0,0,leaf_or_singleton,0,0,0,0,missing_in_source_trace,missing_superpoint_evidence
